,0
0,"(0.9818153164603488, 'Ice Storm', [(0.9090909090909085, 'Ice Storm'), (0.09090909090909091, 'Winter Storm')])"
1,"(0.7783831219340477, 'Ice Storm', [(0.4883720930232556, 'Ice Storm'), (0.37209302325581384, 'Heavy Snow'), (0.13953488372093023, 'Winter Storm')])"
3,"(0, '', [])"
5,"(0.5611837918454026, 'Hurricane Lily', [(0.38297872340425515, 'Hurricane (typhoon)'), (0.3617021276595743, 'Tornado'), (0.14893617021276595, 'High Wind'), (0.10638297872340426, 'Flash Flood')])"
6,"(0, '', [])"
7,"(0, '', [])"
8,"(0.929400640375474, 'Ice Storm', [(0.6470588235294118, 'Ice Storm'), (0.35294117647058826, 'Winter Storm')])"
9,"(0.773898230149196, 'Winter Storm', [(0.7179487179487183, 'Ice Storm'), (0.28205128205128205, 'Winter Weather')])"
10,"(0.4675830555233088, 'Winter Storm', [(0.5909090909090907, 'High Wind'), (0.13636363636363638, 'Heavy Snow'), (0.09090909090909091, 'Winter Storm'), (0.09090909090909091, 'Flood'), (0.06818181818181818, 'Strong Wind'), (0.022727272727272728, 'Flash Flood')])"
11,"(0.5996036286707277, 'Winter Storm', [(0.25925925925925924, 'Winter Storm'), (0.2222222222222222, 'High Wind'), (0.14814814814814814, 'Heavy Snow'), (0.1111111111111111, 'Strong Wind'), (0.07407407407407407, 'Flood'), (0.07407407407407407, 'Flash Flood'), (0.037037037037037035, 'Thunderstorm Wind'), (0.037037037037037035, 'Storm Surge/tide'), (0.037037037037037035, 'Heavy Rain')])"
12,"(0.5050144880375965, 'Winter Storm', [(0.9787234042553196, 'Heavy Snow'), (0.02127659574468085, 'Winter Storm')])"
13,"(0.5050144880375965, 'Winter Storm', [(0.9787234042553196, 'Heavy Snow'), (0.02127659574468085, 'Winter Storm')])"
14,"(0.7784519668887643, 'Winter Ice Storm', [(0.5294117647058824, 'Winter Weather'), (0.35294117647058826, 'Winter Storm'), (0.08823529411764705, 'Ice Storm'), (0.029411764705882353, 'Flash Flood')])"
15,"(0.9333228270212808, 'Ice Storm', [(0.6666666666666666, 'Ice Storm'), (0.33333333333333326, 'Winter Storm')])"
16,"(0.6935664352142445, 'Severe Storm ', [(0.6666666666666662, 'Winter Storm'), (0.2727272727272726, 'Ice Storm'), (0.030303030303030304, 'Winter Weather'), (0.030303030303030304, 'Heavy Snow')])"
17,"(0.46067749473113045, 'Severe Thunderstorms', [(0.6455696202531644, 'Thunderstorm Wind'), (0.3291139240506331, 'Hail'), (0.012658227848101266, 'Lightning'), (0.012658227848101266, 'Flash Flood')])"
18,"(0.44420035980468614, 'Severe Thunderstorms', [(0.5465116279069774, 'Thunderstorm Wind'), (0.40116279069767485, 'Hail'), (0.03488372093023256, 'Lightning'), (0.01744186046511628, 'Heavy Rain')])"
19,"(0.5264853899543346, 'Severe Thunderstorms', [(0.9459459459459452, 'Thunderstorm Wind'), (0.05405405405405406, 'Hail')])"
20,"(0.5266275540987643, 'Severe Thunderstorms', [(0.9466666666666654, 'Thunderstorm Wind'), (0.02666666666666667, 'Hail'), (0.013333333333333334, 'Lightning'), (0.013333333333333334, 'Flash Flood')])"
21,"(0.4344347184119017, 'Severe Storms', [(0.6086956521739129, 'Thunderstorm Wind'), (0.24637681159420297, 'Hail'), (0.08695652173913043, 'Flash Flood'), (0.043478260869565216, 'Tornado'), (0.014492753623188406, 'Flood')])"
22,"(0.48219892452744834, 'Severe Storms', [(0.8823529411764697, 'Thunderstorm Wind'), (0.07058823529411765, 'Hail'), (0.03529411764705882, 'Flood'), (0.011764705882352941, 'Flash Flood')])"
23,"(0.4949798158236914, 'Severe Storms', [(0.9047619047619051, 'Thunderstorm Wind'), (0.047619047619047616, 'Heavy Rain'), (0.047619047619047616, 'Hail')])"
24,"(0.49051108268591065, 'Severe Thunderstorms', [(0.7307692307692305, 'Thunderstorm Wind'), (0.19230769230769232, 'Hail'), (0.038461538461538464, 'Lightning'), (0.038461538461538464, 'Heavy Rain')])"
25,"(0.4836341571062794, 'Severe Thunderstorms', [(0.7562499999999983, 'Thunderstorm Wind'), (0.15625000000000006, 'Flash Flood'), (0.075, 'Hail'), (0.0125, 'Flood')])"
26,"(0.5236229809125258, 'Severe Thunderstorms', [(0.9199999999999988, 'Thunderstorm Wind'), (0.04, 'Hail'), (0.02666666666666667, 'Tornado'), (0.013333333333333334, 'Lightning')])"
27,"(0.4231281997980894, 'Hurricane Claudette', [(0.2962962962962963, 'Tropical Storm'), (0.25925925925925924, 'Flash Flood'), (0.2222222222222222, 'High Wind'), (0.14814814814814814, 'Hurricane (typhoon)'), (0.07407407407407407, 'Tornado')])"
28,"(0.45712351749340696, 'Severe Storms', [(0.675, 'Thunderstorm Wind'), (0.11666666666666665, 'High Wind'), (0.10833333333333332, 'Flash Flood'), (0.041666666666666664, 'Tornado'), (0.03333333333333333, 'Hail'), (0.016666666666666666, 'Lightning'), (0.008333333333333333, 'Flood')])"
29,"(0.49287491494959024, 'Severe Thunderstorms', [(0.7878787878787874, 'Thunderstorm Wind'), (0.12121212121212122, 'Lightning'), (0.09090909090909091, 'Hail')])"
30,"(0.49287491494959024, 'Severe Thunderstorms', [(0.7878787878787874, 'Thunderstorm Wind'), (0.12121212121212122, 'Lightning'), (0.09090909090909091, 'Hail')])"
31,"(0.7376242315067965, 'Hurricane Isabel', [(0.6764705882352942, 'Hurricane (typhoon)'), (0.17647058823529413, 'Tropical Storm'), (0.14705882352941177, 'Flash Flood')])"
32,"(0.5007828507158488, 'Hurricane Isabel', [(0.37962962962962926, 'Tropical Storm'), (0.23148148148148134, 'Hurricane (typhoon)'), (0.16666666666666663, 'High Wind'), (0.14814814814814814, 'Flash Flood'), (0.06481481481481481, 'Flood'), (0.009259259259259259, 'Tornado')])"
33,"(0.7376242315067965, 'Hurricane Isabel', [(0.6764705882352942, 'Hurricane (typhoon)'), (0.17647058823529413, 'Tropical Storm'), (0.14705882352941177, 'Flash Flood')])"
34,"(0.3647479022542635, 'Hurricane Isabel', [(0.5666666666666667, 'Tropical Storm'), (0.26666666666666666, 'High Wind'), (0.16666666666666666, 'Heavy Rain')])"
35,"(0.4008888376922144, 'Hurricane Isabel', [(0.707317073170732, 'Tropical Storm'), (0.2926829268292683, 'High Wind')])"
36,"(0.3647479022542635, 'Hurricane Isabel', [(0.5666666666666667, 'Tropical Storm'), (0.26666666666666666, 'High Wind'), (0.16666666666666666, 'Heavy Rain')])"
37,"(0.5007828507158488, 'Hurricane Isabel', [(0.37962962962962926, 'Tropical Storm'), (0.23148148148148134, 'Hurricane (typhoon)'), (0.16666666666666663, 'High Wind'), (0.14814814814814814, 'Flash Flood'), (0.06481481481481481, 'Flood'), (0.009259259259259259, 'Tornado')])"
38,"(0.7376242315067965, 'Hurricane Isabel', [(0.6764705882352942, 'Hurricane (typhoon)'), (0.17647058823529413, 'Tropical Storm'), (0.14705882352941177, 'Flash Flood')])"
39,"(0.3647479022542635, 'Hurricane Isabel', [(0.5666666666666667, 'Tropical Storm'), (0.26666666666666666, 'High Wind'), (0.16666666666666666, 'Heavy Rain')])"
40,"(0.45252698063850405, 'Wild Fire', [(0.8, 'Wildfire'), (0.2, 'High Wind')])"
41,"(0.5778661668300629, 'Tornado', [(0.4444444444444444, 'Thunderstorm Wind'), (0.2222222222222222, 'Tornado'), (0.1111111111111111, 'Lightning'), (0.1111111111111111, 'Flash Flood'), (0.1111111111111111, 'Dense Fog')])"
42,"(0.6038491981370109, 'Tornado', [(0.42857142857142855, 'Flash Flood'), (0.2857142857142857, 'Tornado'), (0.2857142857142857, 'Thunderstorm Wind')])"
43,"(0.7567283511161806, 'High Winds', [(1.0000000000000002, 'High Wind')])"
44,"(0.697239386290312, 'Storm with High Winds', [(0.7500000000000003, 'High Wind'), (0.175, 'Winter Storm'), (0.025, 'Tornado'), (0.025, 'Thunderstorm Wind'), (0.025, 'Hail')])"
45,"(0.7096268109977247, 'Wind Storm', [(0.7500000000000003, 'High Wind'), (0.175, 'Winter Storm'), (0.025, 'Tornado'), (0.025, 'Thunderstorm Wind'), (0.025, 'Hail')])"
46,"(0.5740284293890001, 'High Winds', [(0.8500000000000002, 'Strong Wind'), (0.15000000000000002, 'High Wind')])"
47,"(0.7490886522502436, 'Wind Storm', [(0.5609756097560977, 'Strong Wind'), (0.43902439024390255, 'High Wind')])"
48,"(0.7148363908131908, 'Storm with High Winds', [(0.9333333333333321, 'High Wind'), (0.05333333333333334, 'Heavy Snow'), (0.013333333333333334, 'Winter Storm')])"
49,"(0, '', [])"
50,"(0, '', [])"
51,"(0.494253933429718, 'Winter Storm', [(1.0, 'Heavy Snow')])"
52,"(0.5089297100253727, 'Winter Storm', [(0.4782608695652173, 'Heavy Snow'), (0.17391304347826086, 'High Wind'), (0.13043478260869565, 'Strong Wind'), (0.08695652173913043, 'Winter Storm'), (0.08695652173913043, 'Flash Flood'), (0.043478260869565216, 'Blizzard')])"
53,"(0.818576064220695, 'Ice Storm', [(0.906976744186047, 'Winter Storm'), (0.09302325581395349, 'Ice Storm')])"
54,"(0.9999999999999996, 'Ice Storm', [(0.9999999999999996, 'Ice Storm')])"
55,"(0.9999999999999996, 'Ice Storm', [(0.9999999999999996, 'Ice Storm')])"
56,"(0.8635917683442433, 'Ice Storm', [(0.7333333333333333, 'Ice Storm'), (0.2, 'Thunderstorm Wind'), (0.06666666666666667, 'Lightning')])"
57,"(0.41360199451446533, 'Ice Storm', [(1.0, 'Strong Wind')])"
58,"(0.9438743889331818, 'Ice Storm', [(0.8333333333333334, 'Ice Storm'), (0.08333333333333333, 'Winter Weather'), (0.08333333333333333, 'Winter Storm')])"
59,"(0.5798756224768501, 'Ice Storm', [(0.8571428571428569, 'Winter Weather'), (0.07142857142857142, 'Winter Storm'), (0.07142857142857142, 'Ice Storm')])"
60,"(0.7976369261741637, 'Ice Storm', [(0.46153846153846145, 'Ice Storm'), (0.34615384615384615, 'Winter Weather'), (0.19230769230769232, 'Winter Storm')])"
61,"(0.36292927563190464, 'Lightning struck Intertie Breaker ', [(0.7, 'High Wind'), (0.1, 'Winter Storm'), (0.1, 'Thunderstorm Wind'), (0.1, 'Flash Flood')])"
62,"(0.5250826783478261, 'Winter Storm', [(0.27499999999999997, 'High Wind'), (0.175, 'Heavy Snow'), (0.15, 'Strong Wind'), (0.1, 'Winter Storm'), (0.1, 'Flash Flood'), (0.07500000000000001, 'Storm Surge/tide'), (0.05, 'Heavy Rain'), (0.05, 'Flood'), (0.025, 'Thunderstorm Wind')])"
63,"(0.6818861882202327, 'Severe Storm', [(0.84375, 'Winter Storm'), (0.078125, 'Winter Weather'), (0.03125, 'Thunderstorm Wind'), (0.03125, 'Hail'), (0.015625, 'Heavy Snow')])"
64,"(0.5650122756867314, 'High Winds - Severe Storm', [(0.6467391304347841, 'Thunderstorm Wind'), (0.19021739130434773, 'Hail'), (0.1413043478260869, 'Tornado'), (0.010869565217391304, 'Flash Flood'), (0.005434782608695652, 'Lightning'), (0.005434782608695652, 'High Wind')])"
65,"(0.39007078159239966, 'Severe Storm', [(0.8817204301075263, 'High Wind'), (0.10752688172043014, 'Thunderstorm Wind'), (0.010752688172043012, 'Hail')])"
66,"(0.3762924075126647, 'Severe Storm', [(0.9999999999999997, 'High Wind')])"
67,"(0.3253264643558086, 'Thunderstorms', [(0.6438356164383567, 'Hail'), (0.1643835616438356, 'Flash Flood'), (0.1506849315068493, 'Thunderstorm Wind'), (0.0273972602739726, 'Funnel Cloud'), (0.0136986301369863, 'Tornado')])"
68,"(0.5730517664376428, 'Storm with High Winds', [(0.411764705882353, 'Thunderstorm Wind'), (0.23529411764705882, 'Strong Wind'), (0.11764705882352941, 'Tornado'), (0.11764705882352941, 'Lightning'), (0.058823529411764705, 'High Wind'), (0.058823529411764705, 'Hail')])"
69,"(0.5703738116555744, 'Strong Winds', [(0.6111111111111113, 'High Wind'), (0.2222222222222222, 'Strong Wind'), (0.1111111111111111, 'Dust Storm'), (0.05555555555555555, 'Tornado')])"
70,"(0.3224688172340393, 'Heat Storm', [(1.0, 'Wildfire')])"
71,"(0.37840118010838836, 'Strong Thunderstorms', [(0.3333333333333334, 'Hail'), (0.27777777777777785, 'Thunderstorm Wind'), (0.16666666666666669, 'Flash Flood'), (0.1111111111111111, 'Tornado'), (0.1111111111111111, 'Funnel Cloud')])"
72,"(0.42861696005913297, 'Severe Thunderstorms', [(0.49122807017543935, 'Thunderstorm Wind'), (0.3070175438596493, 'Hail'), (0.14912280701754385, 'Flood'), (0.05263157894736842, 'Flash Flood')])"
73,"(0.42861696005913297, 'Severe Thunderstorms', [(0.49122807017543935, 'Thunderstorm Wind'), (0.3070175438596493, 'Hail'), (0.14912280701754385, 'Flood'), (0.05263157894736842, 'Flash Flood')])"
74,"(0.5672340565002885, 'High Winds and Heavy Rains', [(0.8846153846153852, 'Thunderstorm Wind'), (0.09615384615384616, 'Hail'), (0.019230769230769232, 'Tornado')])"
75,"(0.5284746213162199, 'High Winds and Heavy Rains', [(0.7659574468085107, 'Thunderstorm Wind'), (0.1276595744680851, 'Flash Flood'), (0.06382978723404255, 'Hail'), (0.0425531914893617, 'Flood')])"
76,"(0.503426377971967, 'High Winds and Heavy Rains', [(0.6666666666666666, 'Thunderstorm Wind'), (0.16666666666666666, 'Lightning'), (0.16666666666666666, 'Hail')])"
77,"(0.4977501392364502, 'High Winds and Heavy Rains', [(0.6, 'Thunderstorm Wind'), (0.39999999999999997, 'Hail')])"
78,"(0.42792396495739576, 'Severe Thunderstorms', [(0.49358974358974284, 'Thunderstorm Wind'), (0.28846153846153844, 'Hail'), (0.13461538461538466, 'Flash Flood'), (0.07692307692307693, 'Flood'), (0.00641025641025641, 'Tornado')])"
79,"(0.42792396495739576, 'Severe Thunderstorms', [(0.49358974358974284, 'Thunderstorm Wind'), (0.28846153846153844, 'Hail'), (0.13461538461538466, 'Flash Flood'), (0.07692307692307693, 'Flood'), (0.00641025641025641, 'Tornado')])"
80,"(0.4878997763777083, 'Severe Storms with Strong Winds', [(0.4901960784313718, 'Thunderstorm Wind'), (0.470588235294117, 'Hail'), (0.0196078431372549, 'Lightning'), (0.013071895424836602, 'Tornado'), (0.006535947712418301, 'Flash Flood')])"
81,"(0.5349440934329198, 'Severe Thunderstorms with Strong Winds', [(0.6149425287356326, 'Thunderstorm Wind'), (0.38505747126436746, 'Hail')])"
82,"(0.5954884722044597, 'Severe  Thunderstorms with Strong Winds', [(0.8421052631578954, 'Thunderstorm Wind'), (0.10526315789473684, 'Hail'), (0.039473684210526314, 'Flash Flood'), (0.013157894736842105, 'Lightning')])"
83,"(0.350332026128416, 'Tornado', [(0.7654320987654333, 'Hail'), (0.1728395061728395, 'Thunderstorm Wind'), (0.04938271604938271, 'Flash Flood'), (0.012345679012345678, 'Tornado')])"
84,"(0.43887861569722486, 'Thunderstorms', [(0.6666666666666666, 'Thunderstorm Wind'), (0.3333333333333333, 'Lightning')])"
85,"(0.5065143108367918, 'Thunderstorms', [(0.9999999999999996, 'Thunderstorm Wind')])"
86,"(0.49620048845967907, 'Severe Thunderstorms', [(0.8064516129032253, 'Thunderstorm Wind'), (0.16129032258064516, 'Hail'), (0.03225806451612903, 'Lightning')])"
87,"(0.5073743902501598, 'Severe Thunderstorms', [(0.8571428571428559, 'Thunderstorm Wind'), (0.1111111111111111, 'Hail'), (0.015873015873015872, 'Lightning'), (0.015873015873015872, 'High Wind')])"
88,"(0.4757436428751265, 'Severe Thunderstorms', [(0.7142857142857144, 'Thunderstorm Wind'), (0.2857142857142857, 'Hail')])"
89,"(0.4332266073477896, 'Severe Storms', [(0.631578947368421, 'Thunderstorm Wind'), (0.2631578947368421, 'Hail'), (0.10526315789473684, 'Flash Flood')])"
90,"(0.42290764588576096, 'Severe Storms', [(0.46153846153846156, 'Thunderstorm Wind'), (0.38461538461538464, 'Lightning'), (0.07692307692307693, 'Heavy Rain'), (0.07692307692307693, 'Flash Flood')])"
91,"(0.5120453834533691, 'Severe Storm', [(1.0, 'Thunderstorm Wind')])"
92,"(0.4851805833370788, 'Hurricane Charley', [(0.28260869565217384, 'Tornado'), (0.23913043478260865, 'Hurricane (typhoon)'), (0.15217391304347827, 'Thunderstorm Wind'), (0.13043478260869565, 'High Wind'), (0.08695652173913043, 'Heavy Rain'), (0.043478260869565216, 'Tropical Storm'), (0.043478260869565216, 'Funnel Cloud'), (0.021739130434782608, 'Storm Surge/tide')])"
93,"(0.4851805833370788, 'Hurricane Charley', [(0.28260869565217384, 'Tornado'), (0.23913043478260865, 'Hurricane (typhoon)'), (0.15217391304347827, 'Thunderstorm Wind'), (0.13043478260869565, 'High Wind'), (0.08695652173913043, 'Heavy Rain'), (0.043478260869565216, 'Tropical Storm'), (0.043478260869565216, 'Funnel Cloud'), (0.021739130434782608, 'Storm Surge/tide')])"
94,"(0.4851805833370788, 'Hurricane Charley', [(0.28260869565217384, 'Tornado'), (0.23913043478260865, 'Hurricane (typhoon)'), (0.15217391304347827, 'Thunderstorm Wind'), (0.13043478260869565, 'High Wind'), (0.08695652173913043, 'Heavy Rain'), (0.043478260869565216, 'Tropical Storm'), (0.043478260869565216, 'Funnel Cloud'), (0.021739130434782608, 'Storm Surge/tide')])"
95,"(0.4851805833370788, 'Hurricane Charley', [(0.28260869565217384, 'Tornado'), (0.23913043478260865, 'Hurricane (typhoon)'), (0.15217391304347827, 'Thunderstorm Wind'), (0.13043478260869565, 'High Wind'), (0.08695652173913043, 'Heavy Rain'), (0.043478260869565216, 'Tropical Storm'), (0.043478260869565216, 'Funnel Cloud'), (0.021739130434782608, 'Storm Surge/tide')])"
96,"(0.4851805833370788, 'Hurricane Charley', [(0.28260869565217384, 'Tornado'), (0.23913043478260865, 'Hurricane (typhoon)'), (0.15217391304347827, 'Thunderstorm Wind'), (0.13043478260869565, 'High Wind'), (0.08695652173913043, 'Heavy Rain'), (0.043478260869565216, 'Tropical Storm'), (0.043478260869565216, 'Funnel Cloud'), (0.021739130434782608, 'Storm Surge/tide')])"
97,"(0.6873942025005818, 'Hurricane Charley', [(0.5500000000000002, 'Hurricane (typhoon)'), (0.175, 'Flash Flood'), (0.15, 'Tropical Storm'), (0.125, 'Tornado')])"
98,"(0.7004472655909402, 'Hurricane Charley', [(0.5714285714285714, 'Hurricane (typhoon)'), (0.2857142857142857, 'Tornado'), (0.14285714285714285, 'Flash Flood')])"
99,"(0.6957770922909611, 'Tropical Storm Gaston', [(0.652173913043478, 'Tropical Storm'), (0.30434782608695654, 'Flash Flood'), (0.043478260869565216, 'Tornado')])"
100,"(0.5066992839177449, 'Tropical Storm Gaston', [(0.6666666666666666, 'Flash Flood'), (0.3333333333333333, 'Tropical Storm')])"
101,"(0.3522597541411718, 'Tropical Storm Gaston', [(0.5333333333333333, 'Tornado'), (0.4333333333333333, 'Flash Flood'), (0.03333333333333333, 'Heavy Rain')])"
102,"(0, '', [])"
103,"(0.4946338452246724, 'Hurricane Frances', [(0.30612244897959184, 'Tropical Storm'), (0.26530612244897955, 'Hurricane (typhoon)'), (0.22448979591836732, 'Heavy Rain'), (0.1020408163265306, 'High Wind'), (0.061224489795918366, 'Flash Flood'), (0.04081632653061224, 'Tornado')])"
104,"(0.4946338452246724, 'Hurricane Frances', [(0.30612244897959184, 'Tropical Storm'), (0.26530612244897955, 'Hurricane (typhoon)'), (0.22448979591836732, 'Heavy Rain'), (0.1020408163265306, 'High Wind'), (0.061224489795918366, 'Flash Flood'), (0.04081632653061224, 'Tornado')])"
105,"(0.4050846925377847, 'Hurricane Frances', [(0.48000000000000015, 'Tropical Storm'), (0.18, 'Tornado'), (0.14, 'Flash Flood'), (0.1, 'Storm Surge/tide'), (0.08, 'High Wind'), (0.02, 'Funnel Cloud')])"
106,"(0.4050846925377847, 'Hurricane Frances', [(0.48000000000000015, 'Tropical Storm'), (0.18, 'Tornado'), (0.14, 'Flash Flood'), (0.1, 'Storm Surge/tide'), (0.08, 'High Wind'), (0.02, 'Funnel Cloud')])"
107,"(0, '', [])"
108,"(0.38188898378222624, 'Hurricane Frances', [(0.5739644970414195, 'Tropical Storm'), (0.2899408284023668, 'High Wind'), (0.053254437869822494, 'Strong Wind'), (0.029585798816568046, 'Tornado'), (0.023668639053254437, 'Flood'), (0.011834319526627219, 'Thunderstorm Wind'), (0.011834319526627219, 'Flash Flood'), (0.005917159763313609, 'Heavy Rain')])"
109,"(0, '', [])"
110,"(0.3834404388540669, 'Hurricane Frances', [(0.3684210526315789, 'Tornado'), (0.3157894736842105, 'Flood'), (0.2631578947368421, 'Storm Surge/tide'), (0.05263157894736842, 'Funnel Cloud')])"
111,"(0.29473447266184255, 'Hurricane Frances', [(0.30864197530864196, 'Strong Wind'), (0.30864197530864196, 'High Wind'), (0.2716049382716049, 'Flood'), (0.06172839506172839, 'Flash Flood'), (0.037037037037037035, 'Heavy Rain'), (0.012345679012345678, 'Thunderstorm Wind')])"
112,"(0.4395649880170822, 'Hurricane Ivan', [(0.625, 'Tropical Storm'), (0.375, 'Tornado')])"
113,"(0.44020604170285726, 'Hurricane Ivan', [(0.6923076923076921, 'Tropical Storm'), (0.3076923076923077, 'Tornado')])"
114,"(0.6794359130518777, 'Hurricane Ivan', [(0.5714285714285714, 'Hurricane (typhoon)'), (0.42857142857142855, 'Storm Surge/tide')])"
115,"(0.6204232809155484, 'Hurricane Ivan', [(0.41860465116279055, 'Hurricane (typhoon)'), (0.3953488372093022, 'Tornado'), (0.18604651162790697, 'Storm Surge/tide')])"
116,"(0.2806599212269628, 'Hurricane Ivan', [(0.5268817204301073, 'High Wind'), (0.3870967741935482, 'Flash Flood'), (0.06451612903225808, 'Tornado'), (0.021505376344086023, 'Heavy Rain')])"
117,"(0.3030856173971425, 'Hurricane Ivan', [(0.34782608695652173, 'High Wind'), (0.30434782608695654, 'Tornado'), (0.17391304347826086, 'Flood'), (0.13043478260869565, 'Funnel Cloud'), (0.043478260869565216, 'Lightning')])"
118,"(0.29182156609992177, 'Hurricane Ivan', [(0.43749999999999983, 'High Wind'), (0.1875, 'Flood'), (0.16666666666666666, 'Thunderstorm Wind'), (0.10416666666666666, 'Tornado'), (0.10416666666666666, 'Debris Flow')])"
119,"(0.5289479141885584, 'Hurricane Jeanne', [(0.4545454545454544, 'Tropical Storm'), (0.25000000000000006, 'Hurricane (typhoon)'), (0.11363636363636365, 'Storm Surge/tide'), (0.09090909090909091, 'Strong Wind'), (0.045454545454545456, 'Tornado'), (0.045454545454545456, 'High Wind')])"
120,"(0.3605311316251755, 'Hurricane Jeanne', [(0.27999999999999997, 'Tropical Storm'), (0.16, 'Flood'), (0.14, 'Tornado'), (0.12000000000000001, 'Storm Surge/tide'), (0.12000000000000001, 'Heavy Rain'), (0.08, 'Flash Flood'), (0.06, 'Strong Wind'), (0.02, 'High Surf'), (0.02, 'Funnel Cloud')])"
121,"(0.3605311316251755, 'Hurricane Jeanne', [(0.27999999999999997, 'Tropical Storm'), (0.16, 'Flood'), (0.14, 'Tornado'), (0.12000000000000001, 'Storm Surge/tide'), (0.12000000000000001, 'Heavy Rain'), (0.08, 'Flash Flood'), (0.06, 'Strong Wind'), (0.02, 'High Surf'), (0.02, 'Funnel Cloud')])"
122,"(0.3605311316251755, 'Hurricane Jeanne', [(0.27999999999999997, 'Tropical Storm'), (0.16, 'Flood'), (0.14, 'Tornado'), (0.12000000000000001, 'Storm Surge/tide'), (0.12000000000000001, 'Heavy Rain'), (0.08, 'Flash Flood'), (0.06, 'Strong Wind'), (0.02, 'High Surf'), (0.02, 'Funnel Cloud')])"
123,"(0.306221291548064, 'Hurricane Jeanne', [(0.4537815126050426, 'Strong Wind'), (0.20168067226890754, 'Flood'), (0.13445378151260504, 'Tropical Storm'), (0.09243697478991596, 'High Wind'), (0.04201680672268907, 'Flash Flood'), (0.03361344537815126, 'Tornado'), (0.025210084033613446, 'Thunderstorm Wind'), (0.01680672268907563, 'Heavy Rain')])"
124,"(0.5016845464706421, 'Severe Storm with High Wind Gusts', [(1.0, 'Heavy Snow')])"
125,"(0.7377974238506587, 'High Wind Gusts', [(0.9302325581395354, 'High Wind'), (0.06976744186046512, 'Strong Wind')])"
126,"(0.7030752620031671, 'Severe Storm with High Wind Gusts', [(0.9302325581395354, 'High Wind'), (0.06976744186046512, 'Strong Wind')])"
127,"(0.3994684556046048, 'Strong Thunderstorms', [(0.3783783783783784, 'Hail'), (0.2594594594594595, 'Thunderstorm Wind'), (0.2, 'Tornado'), (0.07027027027027027, 'Flash Flood'), (0.04864864864864865, 'Heavy Snow'), (0.02702702702702703, 'Funnel Cloud'), (0.016216216216216217, 'Flood')])"
128,"(0.5022524074982785, 'Strong Thunderstorms', [(0.8474576271186434, 'Thunderstorm Wind'), (0.11864406779661016, 'Flood'), (0.01694915254237288, 'Lightning'), (0.01694915254237288, 'Flash Flood')])"
129,"(0.6761254444718361, 'High Winds', [(0.625, 'High Wind'), (0.375, 'Strong Wind')])"
130,"(0.6597962578137713, 'Heavy Rain and Wind Storm', [(0.6666666666666663, 'High Wind'), (0.33333333333333326, 'Strong Wind')])"
131,"(0.6965630650520325, 'Heavy Rain and Wind Storm', [(1.0, 'Strong Wind')])"
133,"(0.9635120677144354, 'Winter Storm', [(0.8539325842696643, 'Winter Storm'), (0.07865168539325842, 'Winter Weather'), (0.06741573033707865, 'Ice Storm')])"
134,"(0.636306696393517, 'Ice Storm', [(0.5168539325842703, 'Flood'), (0.3370786516853934, 'Ice Storm'), (0.10112359550561797, 'Winter Storm'), (0.0449438202247191, 'Flash Flood')])"
135,"(0.536857545375824, 'Winter Ice Storm', [(1.0, 'Heavy Snow')])"
136,"(0.7231217756353575, 'Winter Ice Storm', [(0.43103448275862055, 'Ice Storm'), (0.2931034482758621, 'Flood'), (0.18965517241379315, 'Winter Storm'), (0.08620689655172414, 'Flash Flood')])"
137,"(0.5081149562010688, 'Winter Storm', [(0.2222222222222222, 'High Wind'), (0.20634920634920634, 'Heavy Snow'), (0.20634920634920634, 'Heavy Rain'), (0.1746031746031746, 'Strong Wind'), (0.1111111111111111, 'Winter Storm'), (0.031746031746031744, 'Winter Weather'), (0.031746031746031744, 'Debris Flow'), (0.015873015873015872, 'Flash Flood')])"
138,"(0.8075693334851946, 'Ice Storm', [(0.42857142857142855, 'Ice Storm'), (0.2857142857142857, 'Winter Weather'), (0.2857142857142857, 'Winter Storm')])"
139,"(0.8974358499050141, 'Ice Storm', [(0.8, 'Ice Storm'), (0.2, 'Thunderstorm Wind')])"
140,"(0.8075693334851946, 'Ice Storm', [(0.42857142857142855, 'Ice Storm'), (0.2857142857142857, 'Winter Weather'), (0.2857142857142857, 'Winter Storm')])"
141,"(0.746581044248355, 'Wind Storms', [(0.8279569892473113, 'Thunderstorm Wind'), (0.09677419354838712, 'Winter Weather'), (0.03225806451612903, 'High Wind'), (0.021505376344086023, 'Tornado'), (0.021505376344086023, 'Hail')])"
142,"(0, '', [])"
143,"(0.9999999999999999, 'Winter Storm', [(0.9999999999999999, 'Winter Storm')])"
144,"(0.4493441686227725, 'Thunderstorms', [(0.6493506493506495, 'Thunderstorm Wind'), (0.16883116883116886, 'Tornado'), (0.11688311688311691, 'Hail'), (0.03896103896103896, 'High Wind'), (0.025974025974025976, 'Flash Flood')])"
145,"(0.4255696654319763, 'Thunderstorms', [(0.6, 'Thunderstorm Wind'), (0.39999999999999997, 'Hail')])"
146,"(0.38771313508884986, 'Strong Thunderstorms', [(0.637583892617449, 'Hail'), (0.2953020134228186, 'Thunderstorm Wind'), (0.06711409395973153, 'Flash Flood')])"
147,"(0.36871708171409484, 'Strong Thunderstorms', [(0.6140350877192986, 'Hail'), (0.21052631578947367, 'Thunderstorm Wind'), (0.10526315789473684, 'Flash Flood'), (0.03508771929824561, 'Lightning'), (0.017543859649122806, 'Tornado'), (0.017543859649122806, 'Funnel Cloud')])"
148,"(0.6488481278602881, 'Strong Thunderstorm', [(0.6846153846153831, 'Thunderstorm Wind'), (0.2769230769230768, 'Hail'), (0.023076923076923078, 'Lightning'), (0.015384615384615385, 'Tornado')])"
149,"(0.5126074820756903, 'Strong Thunderstorm/High Winds', [(0.6846153846153831, 'Thunderstorm Wind'), (0.2769230769230768, 'Hail'), (0.023076923076923078, 'Lightning'), (0.015384615384615385, 'Tornado')])"
150,"(0.5909325764097025, 'Strong Thunderstorm', [(0.5448275862068973, 'Thunderstorm Wind'), (0.337931034482759, 'Hail'), (0.05517241379310345, 'Lightning'), (0.041379310344827586, 'Flash Flood'), (0.013793103448275862, 'Tornado'), (0.006896551724137931, 'Heat')])"
151,"(0.5937100599209467, 'Strong Thunderstorm', [(0.6666666666666666, 'Thunderstorm Wind'), (0.3333333333333333, 'Funnel Cloud')])"
152,"(0.49188310975459115, 'Strong Thunderstorms', [(0.8059701492537319, 'Thunderstorm Wind'), (0.16417910447761191, 'Hail'), (0.029850746268656716, 'Lightning')])"
153,"(0.6636723318231206, 'Strong Thunderstorm', [(0.7247706422018336, 'Thunderstorm Wind'), (0.23853211009174313, 'Hail'), (0.01834862385321101, 'Lightning'), (0.009174311926605505, 'Flood'), (0.009174311926605505, 'Flash Flood')])"
154,"(0.38052391409873965, 'Strong Thunderstorm/High Winds', [(0.6000000000000001, 'Hail'), (0.2, 'Tornado'), (0.2, 'Thunderstorm Wind')])"
155,"(0.4435126787194838, 'Tropical Storm Cindy', [(0.6538461538461536, 'Hurricane (typhoon)'), (0.2692307692307693, 'Storm Surge/tide'), (0.038461538461538464, 'Thunderstorm Wind'), (0.038461538461538464, 'Hail')])"
156,"(0.42820258600166045, 'Hurricane Dennis', [(0.6024096385542169, 'Tropical Storm'), (0.34939759036144574, 'Flash Flood'), (0.03614457831325302, 'Hurricane (typhoon)'), (0.012048192771084338, 'Funnel Cloud')])"
157,"(0.6680071516127526, 'Hurricane Dennis', [(0.6139240506329113, 'Hurricane (typhoon)'), (0.3544303797468353, 'Strong Wind'), (0.012658227848101266, 'Thunderstorm Wind'), (0.012658227848101266, 'Flash Flood'), (0.006329113924050633, 'Flood')])"
158,"(0.8431763067841531, 'Hurricane Dennis', [(0.8500000000000002, 'Hurricane (typhoon)'), (0.15000000000000002, 'Tropical Storm')])"
159,"(0.4910120666027068, 'Hurricane Dennis', [(0.607142857142857, 'Storm Surge/tide'), (0.21428571428571425, 'Hurricane (typhoon)'), (0.14285714285714285, 'Flash Flood'), (0.03571428571428571, 'Tornado')])"
160,"(0.42820258600166045, 'Hurricane Dennis', [(0.6024096385542169, 'Tropical Storm'), (0.34939759036144574, 'Flash Flood'), (0.03614457831325302, 'Hurricane (typhoon)'), (0.012048192771084338, 'Funnel Cloud')])"
161,"(0.4910120666027068, 'Hurricane Dennis', [(0.607142857142857, 'Storm Surge/tide'), (0.21428571428571425, 'Hurricane (typhoon)'), (0.14285714285714285, 'Flash Flood'), (0.03571428571428571, 'Tornado')])"
162,"(0.5383251309394836, 'Severe Thunderstorms', [(1.0, 'Thunderstorm Wind')])"
163,"(0.4850147042585454, 'Severe Thunderstorms', [(0.7391304347826084, 'Thunderstorm Wind'), (0.17391304347826086, 'Lightning'), (0.043478260869565216, 'Strong Wind'), (0.043478260869565216, 'Hail')])"
164,"(0.6450230906838954, 'Severe Thunderstorm', [(0.7391304347826084, 'Thunderstorm Wind'), (0.17391304347826086, 'Lightning'), (0.043478260869565216, 'Strong Wind'), (0.043478260869565216, 'Hail')])"
165,"(0.5287484093145889, 'Severe Thunderstorms', [(0.9545454545454543, 'Thunderstorm Wind'), (0.045454545454545456, 'Lightning')])"
166,"(0.5383251309394836, 'Severe Thunderstorms', [(1.0, 'Thunderstorm Wind')])"
167,"(0.6629247177730908, 'Hurricane Katrina', [(0.5454545454545455, 'Hurricane (typhoon)'), (0.45454545454545464, 'Storm Surge/tide')])"
168,"(0.41453208137249575, 'Hurricane Katrina ', [(0.7246376811594197, 'Tropical Storm'), (0.15942028985507248, 'Flash Flood'), (0.11594202898550723, 'Tornado')])"
169,"(0.6280147217746296, 'Hurricane Katrina ', [(0.46428571428571475, 'Hurricane (typhoon)'), (0.23214285714285707, 'Flash Flood'), (0.16071428571428567, 'Tropical Storm'), (0.11607142857142853, 'Tornado'), (0.026785714285714284, 'Storm Surge/tide')])"
170,"(0.3546255848237447, 'Hurricane Katrina ', [(0.2857142857142857, 'Tornado'), (0.21428571428571427, 'Storm Surge/tide'), (0.21428571428571427, 'Flash Flood'), (0.14285714285714285, 'Lightning'), (0.07142857142857142, 'Thunderstorm Wind'), (0.07142857142857142, 'Funnel Cloud')])"
171,"(0.6629247177730908, 'Hurricane Katrina', [(0.5454545454545455, 'Hurricane (typhoon)'), (0.45454545454545464, 'Storm Surge/tide')])"
172,"(0.22159243587936675, 'Hurricane Katrina  disrupted normal gas allotment through natural gas pipelines (FGT & Gulf stream). Public appeals for conservation were issued.', [(0.2857142857142857, 'Tornado'), (0.21428571428571427, 'Storm Surge/tide'), (0.21428571428571427, 'Flash Flood'), (0.14285714285714285, 'Lightning'), (0.07142857142857142, 'Thunderstorm Wind'), (0.07142857142857142, 'Funnel Cloud')])"
173,"(0.330919662208268, 'Hurricane Katrina', [(0.48484848484848464, 'Tropical Storm'), (0.33333333333333326, 'Strong Wind'), (0.12121212121212122, 'Flash Flood'), (0.06060606060606061, 'Thunderstorm Wind')])"
174,"(0.41453208137249575, 'Hurricane Katrina', [(0.7246376811594197, 'Tropical Storm'), (0.15942028985507248, 'Flash Flood'), (0.11594202898550723, 'Tornado')])"
175,"(0.6280147217746296, 'Hurricane Katrina', [(0.46428571428571475, 'Hurricane (typhoon)'), (0.23214285714285707, 'Flash Flood'), (0.16071428571428567, 'Tropical Storm'), (0.11607142857142853, 'Tornado'), (0.026785714285714284, 'Storm Surge/tide')])"
176,"(0, '', [])"
177,"(0.4983919266658488, 'Severe Storm', [(0.8860759493670877, 'Thunderstorm Wind'), (0.05063291139240506, 'Hail'), (0.02531645569620253, 'Tornado'), (0.02531645569620253, 'Flash Flood'), (0.012658227848101266, 'Lightning')])"
178,"(0.8822798728942871, 'Hurricane Ophelia', [(1.0, 'Hurricane (typhoon)')])"
179,"(0.13039470053254026, 'High Winds/Tornados', [(0.6666666666666663, 'Hail'), (0.16666666666666669, 'Thunderstorm Wind'), (0.05128205128205128, 'Tornado'), (0.05128205128205128, 'Flash Flood'), (0.038461538461538464, 'Funnel Cloud'), (0.02564102564102564, 'Lightning')])"
180,"(0.5224035518510002, 'Severe Thunderstorm', [(0.42857142857142866, 'Thunderstorm Wind'), (0.28571428571428575, 'Hail'), (0.2285714285714286, 'Lightning'), (0.05714285714285714, 'Flash Flood')])"
181,"(0, '', [])"
182,"(0.5418353323209085, 'Hurricane Rita', [(0.4406779661016951, 'Tropical Storm'), (0.28813559322033905, 'Hurricane (typhoon)'), (0.27118644067796616, 'Storm Surge/tide')])"
183,"(0.8985942602157593, 'Hurricane Rita', [(1.0, 'Hurricane (typhoon)')])"
184,"(0.8985942602157593, 'Hurricane Rita', [(1.0, 'Hurricane (typhoon)')])"
185,"(0, '', [])"
186,"(0.5418353323209085, 'Hurricane Rita', [(0.4406779661016951, 'Tropical Storm'), (0.28813559322033905, 'Hurricane (typhoon)'), (0.27118644067796616, 'Storm Surge/tide')])"
187,"(0, '', [])"
188,"(0.5296519824436732, 'Hurricane Rita', [(0.4285714285714285, 'Tropical Storm'), (0.2857142857142857, 'Hurricane (typhoon)'), (0.2857142857142857, 'Flash Flood')])"
189,"(0.6993460853894552, 'Hurricane Rita', [(0.6111111111111113, 'Hurricane (typhoon)'), (0.19444444444444448, 'Thunderstorm Wind'), (0.16666666666666669, 'Tornado'), (0.027777777777777776, 'Flash Flood')])"
190,"(0.4503578841686249, 'Hurricane Wilma', [(0.49999999999999994, 'Heavy Rain'), (0.25, 'Tornado'), (0.25, 'Hurricane (typhoon)')])"
191,"(0.4593423927246138, 'Hurricane Wilma', [(0.3953488372093022, 'Tropical Storm'), (0.16279069767441862, 'Storm Surge/tide'), (0.16279069767441862, 'High Wind'), (0.11627906976744186, 'Tornado'), (0.11627906976744186, 'Hurricane (typhoon)'), (0.046511627906976744, 'Flash Flood')])"
192,"(0, '', [])"
193,"(0, '', [])"
194,"(0, '', [])"
195,"(0.4593423927246138, 'Hurricane Wilma ', [(0.3953488372093022, 'Tropical Storm'), (0.16279069767441862, 'Storm Surge/tide'), (0.16279069767441862, 'High Wind'), (0.11627906976744186, 'Tornado'), (0.11627906976744186, 'Hurricane (typhoon)'), (0.046511627906976744, 'Flash Flood')])"
196,"(0.4433162177310271, 'Severe Thunderstorm', [(0.8823529411764707, 'High Wind'), (0.11764705882352941, 'Thunderstorm Wind')])"
197,"(0, '', [])"
198,"(0, '', [])"
199,"(0.7477543793973468, 'Ice Storm', [(0.49206349206349204, 'Winter Weather'), (0.4444444444444444, 'Ice Storm'), (0.047619047619047616, 'Winter Storm'), (0.015873015873015872, 'Flood')])"
200,"(0.9112232849001884, 'Ice Storm', [(0.8125, 'Ice Storm'), (0.1875, 'Winter Weather')])"
201,"(0.3914688672338213, 'Severe Storms', [(0.42857142857142866, 'Flood'), (0.2285714285714286, 'High Wind'), (0.14285714285714285, 'Strong Wind'), (0.08571428571428572, 'Debris Flow'), (0.05714285714285714, 'Storm Surge/tide'), (0.02857142857142857, 'Winter Storm'), (0.02857142857142857, 'Coastal Flood')])"
202,"(0.5933723258120672, 'High Winds', [(0.3571428571428571, 'Strong Wind'), (0.3571428571428571, 'High Wind'), (0.14285714285714285, 'Thunderstorm Wind'), (0.07142857142857142, 'Winter Weather'), (0.07142857142857142, 'Lightning')])"
203,"(0.3808810557088542, 'Severe Storm', [(0.9354838709677413, 'High Wind'), (0.06451612903225806, 'Flood')])"
204,"(0.37220832109451296, 'Strong Winds', [(0.6000000000000001, 'Coastal Flood'), (0.4, 'High Wind')])"
205,"(0.40751206278800967, 'Severe Windstorm', [(0.6000000000000001, 'Coastal Flood'), (0.4, 'High Wind')])"
206,"(0.682594358921051, 'Major Snow Storm', [(1.0, 'Heavy Snow')])"
207,"(0.742694169282913, 'Severe Snow Storm', [(0.4999999999999999, 'Winter Storm'), (0.4999999999999999, 'Heavy Snow')])"
208,"(0.6642225903013476, 'Winter Snow/Ice Storm', [(0.4130434782608694, 'Winter Storm'), (0.21739130434782605, 'Coastal Flood'), (0.13043478260869565, 'Strong Wind'), (0.13043478260869565, 'Heavy Snow'), (0.08695652173913043, 'High Surf'), (0.021739130434782608, 'High Wind')])"
209,"(0, '', [])"
210,"(0.6762334018945695, 'Severe Thunderstorm/ Snow/Ice Storm', [(0.6000000000000002, 'Winter Storm'), (0.27999999999999997, 'Ice Storm'), (0.06, 'Thunderstorm Wind'), (0.04, 'Heavy Snow'), (0.02, 'Hail')])"
212,"(0.4735935797293981, 'Severe Winter Storm', [(0.5666666666666667, 'High Wind'), (0.16666666666666666, 'Strong Wind'), (0.06666666666666667, 'Winter Storm'), (0.06666666666666667, 'Heavy Rain'), (0.06666666666666667, 'Coastal Flood'), (0.03333333333333333, 'Winter Weather'), (0.03333333333333333, 'Heavy Snow')])"
217,"(0.13153660498997738, 'Major Storms/Tornadoes', [(0.7647058823529407, 'Thunderstorm Wind'), (0.17647058823529416, 'Hail'), (0.03529411764705882, 'Tornado'), (0.011764705882352941, 'Lightning'), (0.011764705882352941, 'Funnel Cloud')])"
221,"(0.267497718334198, 'Lightning Strike', [(1.0, 'Flood')])"
226,"(0.39699323610825976, 'Severe Thunderstorms', [(0.36363636363636365, 'Thunderstorm Wind'), (0.36363636363636365, 'Flash Flood'), (0.18181818181818182, 'Lightning'), (0.09090909090909091, 'Hail')])"
227,"(0.5742030213860907, 'Severe Thunderstorm', [(0.5647058823529414, 'Thunderstorm Wind'), (0.36470588235294144, 'Hail'), (0.058823529411764705, 'Lightning'), (0.011764705882352941, 'Flash Flood')])"
228,"(0.46472753923047655, 'Severe Thunderstorms', [(0.636363636363636, 'Thunderstorm Wind'), (0.2613636363636363, 'Hail'), (0.05681818181818182, 'Flash Flood'), (0.022727272727272728, 'Lightning'), (0.022727272727272728, 'Heavy Rain')])"
229,"(0.444378872175474, 'Severe Thunderstorms', [(0.54054054054054, 'Thunderstorm Wind'), (0.2567567567567565, 'Hail'), (0.08783783783783784, 'Flash Flood'), (0.06756756756756757, 'Tornado'), (0.04054054054054054, 'Flood'), (0.006756756756756757, 'Lightning')])"
230,"(0.5226797589233942, 'Severe Thunderstorms', [(0.9285714285714283, 'Thunderstorm Wind'), (0.07142857142857142, 'Hail')])"
231,"(0.5036993110389045, 'Severe Thunderstorms', [(0.8421052631578958, 'Thunderstorm Wind'), (0.08771929824561403, 'Hail'), (0.03508771929824561, 'Lightning'), (0.03508771929824561, 'Flash Flood')])"
232,"(0.49199723145541024, 'Severe Lightning Storms', [(0.6470588235294118, 'Thunderstorm Wind'), (0.23529411764705882, 'Hail'), (0.058823529411764705, 'Heavy Rain'), (0.058823529411764705, 'Flash Flood')])"
234,"(0.5042931626240414, 'Severe Lightning Storms', [(0.6833333333333338, 'Thunderstorm Wind'), (0.2333333333333333, 'Heat'), (0.06666666666666667, 'Hail'), (0.016666666666666666, 'Lightning')])"
235,"(0.39147791692188805, 'Severe Lightning Storms', [(0.5535714285714285, 'Hail'), (0.32142857142857134, 'Thunderstorm Wind'), (0.10714285714285712, 'Heat'), (0.017857142857142856, 'Funnel Cloud')])"
236,"(0.5609434843063354, 'Severe Lightning Storms', [(1.0, 'Thunderstorm Wind')])"
237,"(0.30269771069288254, 'Lightning Storms/Tripped Lines', [(0.5625, 'Thunderstorm Wind'), (0.375, 'Hail'), (0.0625, 'Flash Flood')])"
238,"(0.33773531424610514, 'Severe Storms (3) (Many customers experienced multiple outages.)', [(0.6521739130434786, 'Thunderstorm Wind'), (0.1739130434782608, 'Heat'), (0.14130434782608692, 'Hail'), (0.021739130434782608, 'Tornado'), (0.010869565217391304, 'Heavy Rain')])"
239,"(0.3513040270428271, 'Severe Storms (3) (Many customers experienced multiple outages.)', [(0.7653061224489802, 'Thunderstorm Wind'), (0.12244897959183672, 'Hail'), (0.11224489795918366, 'Heat')])"
240,"(0.47565915232354944, 'Widespread Heat Wave/Public Appeals Made', [(0.7272727272727272, 'Heat'), (0.18181818181818182, 'Wildfire'), (0.045454545454545456, 'Thunderstorm Wind'), (0.045454545454545456, 'Flash Flood')])"
241,"(0.34860682487487793, 'Widespread Heat Wave/CAISO Implementation of Stage 2 Electrical Emergency Plan', [(0.5, 'Wildfire'), (0.5, 'Flash Flood')])"
242,"(0.34860682487487793, 'Widespread Heat Wave/CAISO  Implementation of Stage 2 Electrical Emergency Plan', [(0.5, 'Wildfire'), (0.5, 'Flash Flood')])"
243,"(0.5051699324890417, 'Severe Thunderstorms', [(0.8518518518518514, 'Thunderstorm Wind'), (0.07407407407407407, 'Hail'), (0.07407407407407407, 'Flash Flood')])"
244,"(0.6130601267019907, 'Severe Thunderstorm', [(0.6666666666666666, 'Thunderstorm Wind'), (0.3333333333333333, 'Hail')])"
245,"(0.7404437065124511, 'Severe Thunderstorm', [(0.9999999999999999, 'Thunderstorm Wind')])"
246,"(0.34630370565823143, 'Tropical Storm Ernesto', [(0.5238095238095237, 'Strong Wind'), (0.19047619047619047, 'High Surf'), (0.14285714285714285, 'High Wind'), (0.14285714285714285, 'Coastal Flood')])"
247,"(0, '', [])"
248,"(0.3407681981722514, 'Tropical Storm Ernesto', [(0.41666666666666663, 'Strong Wind'), (0.25, 'High Wind'), (0.16666666666666666, 'Coastal Flood'), (0.08333333333333333, 'High Surf'), (0.08333333333333333, 'Flood')])"
249,"(0.6347490668296814, 'Tropical Storm Ernesto', [(0.6, 'Tropical Storm'), (0.39999999999999997, 'Flash Flood')])"
250,"(0.3464191726275853, 'Tropical Storm Ernesto', [(0.469387755102041, 'Flash Flood'), (0.2040816326530612, 'High Wind'), (0.2040816326530612, 'Coastal Flood'), (0.1020408163265306, 'Storm Surge/tide'), (0.02040816326530612, 'High Surf')])"
251,"(0.6347490668296814, 'Tropical Storm Ernesto', [(0.6, 'Tropical Storm'), (0.39999999999999997, 'Flash Flood')])"
252,"(0.4757436428751265, 'Severe Thunderstorms', [(0.7142857142857144, 'Thunderstorm Wind'), (0.28571428571428575, 'Hail')])"
253,"(0.40632410964061466, 'Severe Thunderstorms', [(0.5172413793103446, 'Hail'), (0.39655172413793094, 'Thunderstorm Wind'), (0.05172413793103448, 'Tornado'), (0.034482758620689655, 'Funnel Cloud')])"
254,"(0.3986754289321737, 'Severe Thunderstorms', [(0.5789473684210537, 'Hail'), (0.35087719298245645, 'Thunderstorm Wind'), (0.03508771929824561, 'Flash Flood'), (0.02631578947368421, 'Flood'), (0.008771929824561403, 'Heavy Rain')])"
255,"(0.8216375112533568, 'Snow Storm', [(0.9999999999999999, 'Lake-effect Snow')])"
256,"(0.8216375112533568, 'Snow Storm', [(0.9999999999999999, 'Lake-effect Snow')])"
257,"(0.17232726514339447, 'Earthquakes', [(1.0, 'Heavy Rain')])"
258,"(0.563281375169754, 'High Winds', [(0.8999999999999999, 'Strong Wind'), (0.1, 'High Wind')])"
259,"(0.21283787488937375, 'Wet Snow/Winds', [(0.9999999999999999, 'Blizzard')])"
260,"(0.7388165940841039, 'High Winds', [(0.9166666666666667, 'High Wind'), (0.08333333333333333, 'Strong Wind')])"
262,"(0.6101776117628271, 'High Winds', [(0.6818181818181818, 'Strong Wind'), (0.31818181818181823, 'High Wind')])"
263,"(0.3627796769142149, 'Wind/Snow Storm', [(0.9999999999999996, 'Heavy Snow')])"
264,"(0.7999684810638423, 'Ice Storm', [(0.9999999999999994, 'Winter Storm')])"
265,"(0.7116322785615916, 'Ice Storm', [(0.7285714285714279, 'Winter Storm'), (0.2571428571428572, 'Heavy Snow'), (0.014285714285714285, 'Flood')])"
266,"(0.7172456638714696, 'Wind Storm', [(0.8247422680412363, 'High Wind'), (0.12371134020618559, 'Thunderstorm Wind'), (0.041237113402061855, 'Flood'), (0.010309278350515464, 'Flash Flood')])"
267,"(0.770063579082489, 'Wind Storm', [(1.0, 'Strong Wind')])"
268,"(0.6738418400287631, 'Wind Storm', [(0.7250000000000003, 'High Wind'), (0.125, 'Heavy Snow'), (0.05, 'Winter Storm'), (0.05, 'Strong Wind'), (0.025, 'Heavy Rain'), (0.025, 'Flash Flood')])"
269,"(0.4960884228348732, 'Wind Storm', [(0.75, 'Heavy Snow'), (0.25, 'High Wind')])"
270,"(0.6670827485620978, 'Wind Storm', [(0.8250000000000004, 'High Wind'), (0.15, 'Flood'), (0.025, 'High Surf')])"
271,"(0.722443163394928, 'Wind Storm', [(1.0, 'Winter Storm')])"
272,"(0.6738418400287631, 'Wind Storm', [(0.7250000000000003, 'High Wind'), (0.125, 'Heavy Snow'), (0.05, 'Winter Storm'), (0.05, 'Strong Wind'), (0.025, 'Heavy Rain'), (0.025, 'Flash Flood')])"
273,"(0.6023594699800017, 'HIgh Winds', [(0.8250000000000004, 'High Wind'), (0.15, 'Flood'), (0.025, 'High Surf')])"
274,"(0.6600077368319037, 'High Winds', [(0.7250000000000003, 'High Wind'), (0.125, 'Heavy Snow'), (0.05, 'Winter Storm'), (0.05, 'Strong Wind'), (0.025, 'Heavy Rain'), (0.025, 'Flash Flood')])"
275,"(0.6697135820984843, 'High Winds', [(0.8250000000000004, 'High Wind'), (0.15, 'Flood'), (0.025, 'High Surf')])"
276,"(0.6738418400287631, 'Wind Storm', [(0.7250000000000003, 'High Wind'), (0.125, 'Heavy Snow'), (0.05, 'Winter Storm'), (0.05, 'Strong Wind'), (0.025, 'Heavy Rain'), (0.025, 'Flash Flood')])"
279,"(0, '', [])"
280,"(0.5265241861343385, 'Ice Storm', [(1.0000000000000002, 'Winter Weather')])"
281,"(0.3948490798473358, 'Ice Storm', [(0.7, 'Flood'), (0.30000000000000004, 'Flash Flood')])"
282,"(0.36248344182968145, 'Major Windstorm', [(0.6000000000000001, 'Winter Weather'), (0.4, 'Heavy Snow')])"
283,"(0.5087878631382454, 'Ice/Wind Storm', [(0.5853658536585368, 'Blizzard'), (0.12195121951219512, 'Winter Storm'), (0.0975609756097561, 'Winter Weather'), (0.0975609756097561, 'Ice Storm'), (0.0975609756097561, 'Heavy Snow')])"
284,"(0.6767965914805728, 'Ice/Wind Storm', [(0.43999999999999967, 'Winter Storm'), (0.21333333333333335, 'Ice Storm'), (0.17333333333333334, 'Heavy Snow'), (0.16, 'Blizzard'), (0.013333333333333334, 'Sleet')])"
285,"(0.7694777846336364, 'Winter Storm', [(0.5, 'Winter Weather'), (0.3333333333333333, 'Winter Storm'), (0.16666666666666666, 'Heavy Snow')])"
286,"(0.8748765001373902, 'Ice Storm', [(0.7419354838709673, 'Ice Storm'), (0.0967741935483871, 'Strong Wind'), (0.0967741935483871, 'Heavy Rain'), (0.06451612903225806, 'Winter Storm')])"
287,"(0.7724680723622439, 'Ice Storm', [(0.6354166666666665, 'Winter Storm'), (0.18749999999999994, 'Ice Storm'), (0.08333333333333333, 'Blizzard'), (0.07291666666666666, 'Flood'), (0.020833333333333332, 'Winter Weather')])"
288,"(0.7724680723622439, 'Ice Storm', [(0.6354166666666665, 'Winter Storm'), (0.18749999999999994, 'Ice Storm'), (0.08333333333333333, 'Blizzard'), (0.07291666666666666, 'Flood'), (0.020833333333333332, 'Winter Weather')])"
289,"(0, '', [])"
290,"(0.3463774980747536, 'Major Storm', [(0.3835616438356164, 'Hail'), (0.2328767123287671, 'Tornado'), (0.1780821917808219, 'Funnel Cloud'), (0.136986301369863, 'Thunderstorm Wind'), (0.0684931506849315, 'Flash Flood')])"
291,"(0.4265042779346306, 'Major Storm', [(0.47916666666666646, 'Thunderstorm Wind'), (0.43749999999999983, 'Tornado'), (0.041666666666666664, 'Hail'), (0.020833333333333332, 'Lightning'), (0.020833333333333332, 'Flood')])"
292,"(0.32115377187728883, 'Major Storm', [(0.4799999999999999, 'Hail'), (0.36, 'Thunderstorm Wind'), (0.12, 'Funnel Cloud'), (0.04, 'Tornado')])"
293,"(0.4151055335998535, 'Major Storm', [(0.8, 'Thunderstorm Wind'), (0.2, 'Tornado')])"
294,"(0.4181065433300459, 'Severe Thunderstorms', [(0.423076923076923, 'Thunderstorm Wind'), (0.2692307692307693, 'Flash Flood'), (0.15384615384615385, 'Hail'), (0.07692307692307693, 'Tornado'), (0.038461538461538464, 'Lightning'), (0.038461538461538464, 'Flood')])"
295,"(0.9086652994155882, 'Heavy Snow Storm', [(0.9999999999999998, 'Heavy Snow')])"
296,"(0.6395034611225128, 'High Winds', [(0.5333333333333333, 'High Wind'), (0.39999999999999997, 'Strong Wind'), (0.06666666666666667, 'Wildfire')])"
297,"(0, '', [])"
298,"(0, '', [])"
299,"(0, '', [])"
300,"(0.3313361478262935, 'Severe Thunderstorms', [(0.517241379310345, 'Flood'), (0.41379310344827597, 'High Wind'), (0.06896551724137931, 'Coastal Flood')])"
301,"(0.4131959655828643, 'Heavy Snow Storm', [(0.43859649122807015, 'High Wind'), (0.2631578947368421, 'Flood'), (0.24561403508771928, 'Coastal Flood'), (0.05263157894736842, 'Heavy Snow')])"
302,"(0.6768369674682616, 'HIgh Winds', [(0.9999999999999999, 'High Wind')])"
303,"(0.3584283104068354, 'Severe Thunderstorms', [(0.631578947368421, 'High Wind'), (0.2631578947368421, 'Strong Wind'), (0.10526315789473684, 'Heavy Snow')])"
304,"(0.6602502887447675, 'High Winds', [(0.5694444444444443, 'High Wind'), (0.4166666666666668, 'Strong Wind'), (0.013888888888888888, 'Coastal Flood')])"
305,"(0.7371882525357328, 'High Winds', [(0.9090909090909085, 'High Wind'), (0.09090909090909091, 'Strong Wind')])"
306,"(0.41681031715124806, 'Severe Storms', [(0.5124999999999992, 'Thunderstorm Wind'), (0.28125, 'Hail'), (0.13750000000000004, 'Flash Flood'), (0.04375, 'Tornado'), (0.018750000000000003, 'Lightning'), (0.00625, 'Funnel Cloud')])"
307,"(0.47385525201496337, 'Severe Thunderstorms', [(0.705263157894737, 'Thunderstorm Wind'), (0.28421052631578947, 'Hail'), (0.010526315789473684, 'Lightning')])"
308,"(0.511814270700727, 'Severe Storm', [(0.9285714285714283, 'Thunderstorm Wind'), (0.07142857142857142, 'Tornado')])"
309,"(0.38911690699810897, 'Severe Storm', [(0.5714285714285717, 'Hail'), (0.40816326530612257, 'Thunderstorm Wind'), (0.02040816326530612, 'Lightning')])"
310,"(0.36494686422140693, 'Major Storms', [(0.5652173913043477, 'Thunderstorm Wind'), (0.4347826086956521, 'Hail')])"
312,"(0.429746603736511, 'Major Storms', [(0.9615384615384623, 'Thunderstorm Wind'), (0.038461538461538464, 'Hail')])"
313,"(0.46434731889462116, 'Severe Thunderstorms', [(0.5942028985507245, 'Thunderstorm Wind'), (0.3043478260869566, 'Flash Flood'), (0.057971014492753624, 'Heavy Rain'), (0.028985507246376812, 'Hail'), (0.014492753623188406, 'Tornado')])"
314,"(0.7404437065124512, 'Severe Thunderstorm', [(1.0, 'Thunderstorm Wind')])"
317,"(0.5237227837244669, 'Severe Thunderstorms', [(0.9333333333333332, 'Thunderstorm Wind'), (0.06666666666666667, 'Hail')])"
318,"(0.4650270329949306, 'Severe Storms', [(0.69135802469136, 'Thunderstorm Wind'), (0.16049382716049382, 'Flood'), (0.07407407407407407, 'Flash Flood'), (0.04938271604938271, 'Hail'), (0.018518518518518517, 'Heavy Rain'), (0.006172839506172839, 'Tornado')])"
319,"(0.5098501100855053, 'Severe Storm', [(0.830188679245283, 'Thunderstorm Wind'), (0.1509433962264151, 'Tornado'), (0.018867924528301886, 'Lightning')])"
321,"(0.5231273571650187, 'Hurricane Humberto', [(0.3333333333333333, 'Tropical Storm'), (0.3333333333333333, 'Hurricane (typhoon)'), (0.3333333333333333, 'Flash Flood')])"
322,"(0.6355932394663494, 'High Winds', [(0.5333333333333333, 'High Wind'), (0.3333333333333333, 'Strong Wind'), (0.13333333333333333, 'Heavy Snow')])"
323,"(0.3730685029711041, 'Tropical Storm', [(0.7857142857142855, 'High Wind'), (0.21428571428571427, 'Coastal Flood')])"
324,"(0.3546711802482605, 'Tropical Storm', [(1.0, 'High Wind')])"
325,"(0.7999684810638428, 'Ice Storm', [(1.0, 'Winter Storm')])"
326,"(0.8772741377353669, 'Ice Storm', [(0.8, 'Ice Storm'), (0.2, 'Flood')])"
327,"(0.5787286677143787, 'Winter Storm', [(0.6060606060606056, 'Thunderstorm Wind'), (0.1969696969696969, 'Winter Storm'), (0.18181818181818177, 'High Wind'), (0.015151515151515152, 'Winter Weather')])"
328,"(0.3527946606062462, 'Severe Thunderstorms', [(0.492753623188406, 'Strong Wind'), (0.492753623188406, 'High Wind'), (0.014492753623188406, 'Wildfire')])"
329,"(0.38314671012071466, 'Severe Thunderstorms', [(0.58974358974359, 'High Wind'), (0.2051282051282051, 'Thunderstorm Wind'), (0.2051282051282051, 'Strong Wind')])"
330,"(0.7793945286955151, 'Wind/Ice Storm', [(0.8571428571428569, 'Winter Storm'), (0.14285714285714285, 'Blizzard')])"
331,"(0.5986918942494825, 'High Winds', [(0.7272727272727272, 'Thunderstorm Wind'), (0.18181818181818182, 'High Wind'), (0.045454545454545456, 'Tornado'), (0.045454545454545456, 'Strong Wind')])"
332,"(0.5856742607108477, 'High Winds', [(0.6206896551724138, 'High Wind'), (0.10344827586206896, 'Strong Wind'), (0.10344827586206896, 'Seiche'), (0.10344827586206896, 'Lake-effect Snow'), (0.06896551724137931, 'Flash Flood')])"
339,"(0.711477596508829, 'High Winds', [(0.7894736842105261, 'High Wind'), (0.21052631578947367, 'Strong Wind')])"
340,"(0.3808255122767554, 'High Winds', [(0.5999999999999999, 'Extreme Cold/wind Chill'), (0.22222222222222224, 'Strong Wind'), (0.11111111111111112, 'Winter Weather'), (0.044444444444444446, 'Astronomical Low Tide'), (0.022222222222222223, 'High Wind')])"
341,"(0, '', [])"
342,"(0.6856777294115588, 'High Winds', [(0.690909090909091, 'High Wind'), (0.29090909090909095, 'Strong Wind'), (0.01818181818181818, 'Wildfire')])"
343,"(0.711477596508829, 'High Winds', [(0.7894736842105261, 'High Wind'), (0.21052631578947367, 'Strong Wind')])"
344,"(0.6856777294115588, 'High Winds', [(0.690909090909091, 'High Wind'), (0.29090909090909095, 'Strong Wind'), (0.01818181818181818, 'Wildfire')])"
345,"(0.6509112018805283, 'High Winds', [(0.5076923076923077, 'High Wind'), (0.49230769230769234, 'Strong Wind')])"
349,"(0.6775488958639257, 'Ice Storm', [(0.6470588235294118, 'Winter Storm'), (0.1764705882352941, 'Heavy Snow'), (0.1764705882352941, 'Heavy Rain')])"
350,"(0.4750851541757583, 'Thunderstorms', [(0.7999999999999999, 'Thunderstorm Wind'), (0.1, 'Tornado'), (0.1, 'Hail')])"
351,"(0.44306355302638173, 'Thunderstorms', [(0.659574468085106, 'Thunderstorm Wind'), (0.2872340425531914, 'Hail'), (0.031914893617021274, 'Tornado'), (0.010638297872340425, 'Lightning'), (0.010638297872340425, 'Heavy Rain')])"
352,"(0.48765681684017204, 'Thunderstorms', [(0.8800000000000004, 'Thunderstorm Wind'), (0.06, 'Tornado'), (0.06, 'Hail')])"
353,"(0.35178044637044265, 'Windstorm', [(0.4666666666666666, 'Strong Wind'), (0.4666666666666666, 'High Wind'), (0.06666666666666667, 'Coastal Flood')])"
354,"(0.40660318418553, 'Windstorm', [(0.42105263157894723, 'Thunderstorm Wind'), (0.2894736842105263, 'Strong Wind'), (0.2894736842105263, 'High Wind')])"
356,"(0.2975386767774014, 'Major Storm', [(0.7297297297297294, 'Hail'), (0.1891891891891892, 'Thunderstorm Wind'), (0.05405405405405406, 'Tornado'), (0.02702702702702703, 'Funnel Cloud')])"
357,"(0.31715687609066906, 'Major Storm', [(0.5839416058394156, 'Hail'), (0.21167883211678826, 'Thunderstorm Wind'), (0.10948905109489053, 'Tornado'), (0.072992700729927, 'Funnel Cloud'), (0.0072992700729927005, 'Lightning'), (0.0072992700729927005, 'Heavy Rain'), (0.0072992700729927005, 'Flood')])"
358,"(0.35722295852268443, 'Severe Thunderstorms', [(0.35294117647058826, 'Flash Flood'), (0.29411764705882354, 'Hail'), (0.1764705882352941, 'Thunderstorm Wind'), (0.1764705882352941, 'Flood')])"
359,"(0.5038669668138027, 'Severe Thunderstorms', [(0.8125, 'Thunderstorm Wind'), (0.09375, 'Hail'), (0.0625, 'Tornado'), (0.03125, 'Lightning')])"
360,"(0.4965302756963628, 'Severe Thunderstorms', [(0.7692307692307685, 'Thunderstorm Wind'), (0.10256410256410255, 'Hail'), (0.08974358974358973, 'Tornado'), (0.038461538461538464, 'Flash Flood')])"
362,"(0.4449733731647335, 'Severe Thunderstorms', [(0.4416666666666672, 'Thunderstorm Wind'), (0.2583333333333333, 'Tornado'), (0.2333333333333333, 'Hail'), (0.025, 'Strong Wind'), (0.025, 'Lightning'), (0.008333333333333333, 'Heavy Rain'), (0.008333333333333333, 'Funnel Cloud')])"
363,"(0.4148790765376318, 'Severe Storm', [(0.42857142857142855, 'Coastal Flood'), (0.3333333333333333, 'High Wind'), (0.23809523809523808, 'Strong Wind')])"
364,"(0.4553198218345642, 'Lightning Storm', [(1.0, 'Flash Flood')])"
365,"(0.3706939343143914, 'Severe Storms', [(0.5176470588235298, 'Hail'), (0.28235294117647075, 'Thunderstorm Wind'), (0.07058823529411765, 'Tornado'), (0.058823529411764705, 'High Wind'), (0.058823529411764705, 'Flash Flood'), (0.011764705882352941, 'Flood')])"
366,"(0.45687654055655, 'Severe Thunderstorms', [(0.578125, 'Thunderstorm Wind'), (0.109375, 'Tornado'), (0.109375, 'Hail'), (0.109375, 'Flash Flood'), (0.078125, 'Lightning'), (0.015625, 'Flood')])"
370,"(0.4575196848975292, 'Thunderstorms', [(0.7333333333333342, 'Thunderstorm Wind'), (0.18518518518518523, 'Hail'), (0.05925925925925925, 'Tornado'), (0.007407407407407408, 'Lightning'), (0.007407407407407408, 'Flood'), (0.007407407407407408, 'Flash Flood')])"
371,"(0.5069264393785732, 'Lightning Storm', [(0.8586956521739143, 'Thunderstorm Wind'), (0.05434782608695652, 'Lightning'), (0.05434782608695652, 'Hail'), (0.03260869565217391, 'Tornado')])"
372,"(0, '', [])"
373,"(0.4442997059306578, 'Lightning Storm', [(0.7432432432432423, 'Thunderstorm Wind'), (0.20270270270270271, 'Hail'), (0.04054054054054054, 'Strong Wind'), (0.013513513513513514, 'Tornado')])"
374,"(0.5030131654348224, 'Severe Storm', [(0.9296875, 'Thunderstorm Wind'), (0.03125, 'Hail'), (0.0234375, 'Tornado'), (0.0078125, 'Funnel Cloud'), (0.0078125, 'Flood')])"
375,"(0.4540449764047349, 'Severe Thunderstorms', [(0.614285714285714, 'Thunderstorm Wind'), (0.30000000000000004, 'Hail'), (0.05714285714285714, 'Lightning'), (0.02857142857142857, 'Flash Flood')])"
376,"(0.4778539116183919, 'Severe Storms', [(0.8750000000000004, 'Thunderstorm Wind'), (0.08333333333333333, 'Lightning'), (0.041666666666666664, 'Hail')])"
377,"(0.4637840866590988, 'Severe Storm', [(0.7651515151515146, 'Thunderstorm Wind'), (0.20454545454545442, 'Hail'), (0.015151515151515152, 'Lightning'), (0.015151515151515152, 'Funnel Cloud')])"
378,"(0.2859788770702751, 'Flooding and Uncontrolled Loss', [(0.4090909090909089, 'Hail'), (0.3636363636363635, 'Flash Flood'), (0.12500000000000003, 'Flood'), (0.045454545454545456, 'Thunderstorm Wind'), (0.022727272727272728, 'Tornado'), (0.022727272727272728, 'Heavy Rain'), (0.011363636363636364, 'Lightning')])"
379,"(0.4350818693637848, 'Thunderstorms', [(0.6470588235294118, 'Thunderstorm Wind'), (0.3333333333333332, 'Hail'), (0.0196078431372549, 'Lightning')])"
380,"(0.45531867632588124, 'Severe Thunderstorms', [(0.5339805825242717, 'Thunderstorm Wind'), (0.29126213592233, 'Hail'), (0.13592233009708735, 'Drought'), (0.019417475728155338, 'Lightning'), (0.009708737864077669, 'Funnel Cloud'), (0.009708737864077669, 'Flash Flood')])"
381,"(0.23045985791289683, 'Thunderstorms/Uncontrolled Loss of Load', [(0.5339805825242717, 'Thunderstorm Wind'), (0.29126213592233, 'Hail'), (0.13592233009708735, 'Drought'), (0.019417475728155338, 'Lightning'), (0.009708737864077669, 'Funnel Cloud'), (0.009708737864077669, 'Flash Flood')])"
382,"(0.2003123089671135, 'Thunderstorms/Uncontrolled Loss of Load', [(0.375, 'Thunderstorm Wind'), (0.375, 'Hail'), (0.125, 'Lightning'), (0.125, 'Flood')])"
383,"(0.21826211172480925, 'Lightning Stirke/Uncontrolled Loss of Load', [(0.9534883720930238, 'Hail'), (0.023255813953488372, 'Thunderstorm Wind'), (0.023255813953488372, 'Lightning')])"
384,"(0.4952719989750122, 'Thunderstorms', [(0.9444444444444448, 'Thunderstorm Wind'), (0.05555555555555555, 'Hail')])"
385,"(0.5604939650405538, 'Severe Wind Storm', [(0.4545454545454546, 'Thunderstorm Wind'), (0.4545454545454546, 'Hail'), (0.09090909090909091, 'Flash Flood')])"
387,"(0.42995682716369593, 'Thunderstorms', [(0.626666666666666, 'Thunderstorm Wind'), (0.3466666666666665, 'Hail'), (0.02666666666666667, 'Flash Flood')])"
388,"(0, '', [])"
389,"(0, '', [])"
390,"(0.409605255365372, 'Storm', [(0.6880000000000005, 'Thunderstorm Wind'), (0.22400000000000014, 'Hail'), (0.056, 'Excessive Heat'), (0.016, 'Heat'), (0.008, 'Tornado'), (0.008, 'Lightning')])"
391,"(0.49518587589263924, 'Severe Thunderstorms', [(0.8000000000000002, 'Thunderstorm Wind'), (0.12, 'Hail'), (0.08, 'Lightning')])"
392,"(0.446862028290828, 'Severe Thunderstorms', [(0.5833333333333333, 'Thunderstorm Wind'), (0.3958333333333332, 'Hail'), (0.020833333333333332, 'Flash Flood')])"
393,"(0.3816573981727872, 'Hurricane Dolly', [(0.26190476190476186, 'Tropical Storm'), (0.14285714285714285, 'Storm Surge/tide'), (0.09523809523809523, 'Tornado'), (0.09523809523809523, 'Heavy Rain'), (0.09523809523809523, 'Drought'), (0.07142857142857142, 'Tropical Depression'), (0.07142857142857142, 'Flash Flood'), (0.047619047619047616, 'Thunderstorm Wind'), (0.047619047619047616, 'Hurricane (typhoon)'), (0.047619047619047616, 'Funnel Cloud'), (0.023809523809523808, 'Excessive Heat')])"
394,"(0.4288075268268582, 'Severe Thunderstorms', [(0.4999999999999996, 'Thunderstorm Wind'), (0.4999999999999996, 'Hail')])"
395,"(0.4226108245989856, 'Severe Thunderstorms', [(0.5, 'Hail'), (0.4705882352941177, 'Thunderstorm Wind'), (0.029411764705882353, 'Lightning')])"
396,"(0.5241255638775999, 'Severe Thunderstorms', [(0.9259259259259254, 'Thunderstorm Wind'), (0.037037037037037035, 'Strong Wind'), (0.037037037037037035, 'Hail')])"
397,"(0.4773516966853031, 'Severe Thunderstorms', [(0.6511627906976745, 'Thunderstorm Wind'), (0.13953488372093023, 'Tropical Storm'), (0.11627906976744186, 'Strong Wind'), (0.09302325581395349, 'Storm Surge/tide')])"
398,"(0.3923016587893168, 'Severe Thunderstorms', [(0.6666666666666666, 'Hail'), (0.3333333333333333, 'Thunderstorm Wind')])"
399,"(0.35573744773864746, 'Severe Storms', [(0.4, 'Heat'), (0.30000000000000004, 'Thunderstorm Wind'), (0.1, 'Lightning'), (0.1, 'Flood'), (0.1, 'Flash Flood')])"
400,"(0.6236477163102891, 'Tropical Storm Fay', [(0.4074074074074074, 'Tropical Storm'), (0.2222222222222222, 'Flood'), (0.14814814814814814, 'Tornado'), (0.1111111111111111, 'Flash Flood'), (0.07407407407407407, 'Storm Surge/tide'), (0.037037037037037035, 'Hail')])"
401,"(0.899382849534353, 'Tropical Storm Fay', [(0.9523809523809528, 'Tropical Storm'), (0.047619047619047616, 'Flash Flood')])"
402,"(0.39151883125305176, 'Tropical Storm Fay', [(1.0, 'Tornado')])"
403,"(0, '', [])"
404,"(0, '', [])"
405,"(0, '', [])"
406,"(0, '', [])"
407,"(0.6093086151556033, 'Hurricane Gustav', [(0.43678160919540193, 'Hurricane (typhoon)'), (0.3678160919540227, 'Tropical Storm'), (0.13793103448275862, 'Storm Surge/tide'), (0.04597701149425287, 'Flash Flood'), (0.011494252873563218, 'Tornado')])"
408,"(0.6093086151556033, 'Hurricane Gustav', [(0.43678160919540193, 'Hurricane (typhoon)'), (0.3678160919540227, 'Tropical Storm'), (0.13793103448275862, 'Storm Surge/tide'), (0.04597701149425287, 'Flash Flood'), (0.011494252873563218, 'Tornado')])"
409,"(0.49930248869226335, 'Tropical Storm Hanna', [(0.3404255319148935, 'Flash Flood'), (0.2127659574468085, 'Tropical Storm'), (0.2127659574468085, 'Strong Wind'), (0.10638297872340426, 'High Wind'), (0.0851063829787234, 'Heavy Rain'), (0.02127659574468085, 'Storm Surge/tide'), (0.02127659574468085, 'Rip Current')])"
410,"(0.4931497510966905, 'Tropical Storm Hanna', [(0.3761467889908257, 'Flash Flood'), (0.3302752293577982, 'Heavy Rain'), (0.2018348623853211, 'Tropical Storm'), (0.09174311926605505, 'Flood')])"
411,"(0.49930248869226335, 'Tropical Storm Hanna', [(0.3404255319148935, 'Flash Flood'), (0.2127659574468085, 'Tropical Storm'), (0.2127659574468085, 'Strong Wind'), (0.10638297872340426, 'High Wind'), (0.0851063829787234, 'Heavy Rain'), (0.02127659574468085, 'Storm Surge/tide'), (0.02127659574468085, 'Rip Current')])"
412,"(0.6034869362373609, 'Hurricane Ike', [(0.43243243243243246, 'Hurricane (typhoon)'), (0.40540540540540543, 'Storm Surge/tide'), (0.08108108108108109, 'Tropical Storm'), (0.05405405405405406, 'Flash Flood'), (0.02702702702702703, 'High Surf')])"
413,"(0.6034869362373609, 'Hurricane Ike', [(0.43243243243243246, 'Hurricane (typhoon)'), (0.40540540540540543, 'Storm Surge/tide'), (0.08108108108108109, 'Tropical Storm'), (0.05405405405405406, 'Flash Flood'), (0.02702702702702703, 'High Surf')])"
414,"(0.6034869362373609, 'Hurricane Ike', [(0.43243243243243246, 'Hurricane (typhoon)'), (0.40540540540540543, 'Storm Surge/tide'), (0.08108108108108109, 'Tropical Storm'), (0.05405405405405406, 'Flash Flood'), (0.02702702702702703, 'High Surf')])"
415,"(0, '', [])"
416,"(0.434588947892189, 'Hurricane Ike', [(0.39999999999999997, 'Tropical Storm'), (0.3, 'Storm Surge/tide'), (0.25, 'Tornado'), (0.05, 'Hurricane (typhoon)')])"
417,"(0.6034869362373609, 'Hurricane Ike', [(0.43243243243243246, 'Hurricane (typhoon)'), (0.40540540540540543, 'Storm Surge/tide'), (0.08108108108108109, 'Tropical Storm'), (0.05405405405405406, 'Flash Flood'), (0.02702702702702703, 'High Surf')])"
418,"(0.43315622662052944, 'Hurricane Ike', [(0.5151515151515149, 'Tropical Storm'), (0.48484848484848464, 'Tornado')])"
419,"(0.4909953979982271, 'Hurricane Ike', [(0.7222222222222224, 'Tropical Storm'), (0.16666666666666669, 'Hurricane (typhoon)'), (0.05555555555555555, 'Thunderstorm Wind'), (0.027777777777777776, 'Tornado'), (0.027777777777777776, 'Flash Flood')])"
420,"(0.4909953979982271, 'Hurricane Ike', [(0.7222222222222224, 'Tropical Storm'), (0.16666666666666669, 'Hurricane (typhoon)'), (0.05555555555555555, 'Thunderstorm Wind'), (0.027777777777777776, 'Tornado'), (0.027777777777777776, 'Flash Flood')])"
421,"(0.24479593336582176, 'Tropical Depression Ike', [(0.9999999999999997, 'High Wind')])"
422,"(0.7246466764697336, 'Wind Storm', [(0.9506172839506193, 'High Wind'), (0.04938271604938271, 'Strong Wind')])"
423,"(0.7246466764697336, 'Wind Storm', [(0.9506172839506193, 'High Wind'), (0.04938271604938271, 'Strong Wind')])"
424,"(0.7007918871310826, 'Wind Storm', [(0.8674698795180732, 'High Wind'), (0.04819277108433735, 'Strong Wind'), (0.04819277108433735, 'Flood'), (0.03614457831325302, 'Flash Flood')])"
425,"(0.7246466764697336, 'Wind Storm', [(0.9506172839506193, 'High Wind'), (0.04938271604938271, 'Strong Wind')])"
426,"(0.22314962229611005, 'Hurricane Ike', [(0.9506172839506193, 'High Wind'), (0.04938271604938271, 'Strong Wind')])"
427,"(0.7222873568534849, 'Wind Storm', [(0.9999999999999997, 'High Wind')])"
428,"(0.2922862174530182, 'Hurricane Ike', [(0.33870967741935465, 'High Wind'), (0.27419354838709664, 'Flood'), (0.24193548387096764, 'Flash Flood'), (0.14516129032258063, 'Strong Wind')])"
429,"(0.28304128012349516, 'Hurricane Ike', [(0.41935483870967716, 'High Wind'), (0.30645161290322565, 'Flash Flood'), (0.12903225806451613, 'Strong Wind'), (0.11290322580645161, 'Flood'), (0.03225806451612903, 'Tropical Storm')])"
430,"(0.24790423341533688, 'Tropical Depression Ike', [(0.8382352941176459, 'High Wind'), (0.14705882352941177, 'Strong Wind'), (0.014705882352941176, 'Wildfire')])"
431,"(0.7182263263008164, 'High Winds', [(0.8382352941176459, 'High Wind'), (0.14705882352941177, 'Strong Wind'), (0.014705882352941176, 'Wildfire')])"
432,"(0.24790423341533688, 'Tropical Depression Ike', [(0.8382352941176459, 'High Wind'), (0.14705882352941177, 'Strong Wind'), (0.014705882352941176, 'Wildfire')])"
433,"(0.246509008737932, 'Tropical Depression Ike', [(0.8674698795180732, 'High Wind'), (0.04819277108433735, 'Strong Wind'), (0.04819277108433735, 'Flood'), (0.03614457831325302, 'Flash Flood')])"
434,"(0.24603558561684222, 'Tropical Depression Ike', [(0.9506172839506193, 'High Wind'), (0.04938271604938271, 'Strong Wind')])"
435,"(0, '', [])"
436,"(0.41809968153635657, 'Severe Storm', [(0.6666666666666666, 'Strong Wind'), (0.3333333333333333, 'High Wind')])"
437,"(0.6518413562041064, 'Snow Storm', [(0.5641025641025643, 'Heavy Snow'), (0.3846153846153847, 'Winter Weather'), (0.05128205128205128, 'Winter Storm')])"
438,"(0.6606679805393877, 'Snow Storm', [(0.689655172413793, 'Heavy Snow'), (0.24137931034482762, 'Winter Weather'), (0.034482758620689655, 'Strong Wind'), (0.034482758620689655, 'Ice Storm')])"
439,"(0.8304139402779664, 'Ice Storm', [(0.4318181818181817, 'Ice Storm'), (0.3636363636363636, 'Winter Storm'), (0.20454545454545459, 'Winter Weather')])"
440,"(0.40107571807774633, 'Ice Storm', [(0.6363636363636365, 'Flood'), (0.36363636363636365, 'Heavy Rain')])"
441,"(0.3758283853530884, 'Ice Storm', [(0.6666666666666666, 'High Wind'), (0.3333333333333333, 'Coastal Flood')])"
442,"(0.793676915650185, 'Ice Storm', [(0.9807692307692316, 'Winter Storm'), (0.019230769230769232, 'Lake-effect Snow')])"
443,"(0.4512427250544231, 'Ice Storm', [(0.6666666666666667, 'Strong Wind'), (0.3333333333333333, 'Winter Weather')])"
444,"(0.4512427250544231, 'Ice Storm', [(0.6666666666666667, 'Strong Wind'), (0.3333333333333333, 'Winter Weather')])"
445,"(0.31088313460350037, 'Lightning', [(1.0, 'Flash Flood')])"
446,"(0.4283738434314728, 'Wind Storm', [(1.0, 'Flood')])"
447,"(0.7223196940601996, 'Wind Storm', [(0.7924528301886792, 'High Wind'), (0.20754716981132074, 'Winter Storm')])"
448,"(0.7223196940601996, 'Wind Storm', [(0.7924528301886792, 'High Wind'), (0.20754716981132074, 'Winter Storm')])"
449,"(0.5013962564644988, 'Severe Storm', [(0.8888888888888884, 'Winter Weather'), (0.07407407407407407, 'High Wind'), (0.037037037037037035, 'Wildfire')])"
450,"(0.5996560202195093, 'High Winds', [(0.7307692307692305, 'Strong Wind'), (0.2692307692307693, 'High Wind')])"
451,"(0, '', [])"
452,"(0.8452376536722099, 'Ice Storm', [(0.44715447154471505, 'Ice Storm'), (0.41463414634146306, 'Winter Storm'), (0.0813008130081301, 'Winter Weather'), (0.024390243902439025, 'Heavy Snow'), (0.016260162601626018, 'Sleet'), (0.016260162601626018, 'Flash Flood')])"
453,"(0.8452376536722099, 'Ice Storm', [(0.44715447154471505, 'Ice Storm'), (0.41463414634146306, 'Winter Storm'), (0.0813008130081301, 'Winter Weather'), (0.024390243902439025, 'Heavy Snow'), (0.016260162601626018, 'Sleet'), (0.016260162601626018, 'Flash Flood')])"
454,"(0.5814058716808045, 'Ice Storm', [(0.6428571428571427, 'Heavy Snow'), (0.32142857142857134, 'Winter Storm'), (0.03571428571428571, 'Blizzard')])"
455,"(0, '', [])"
456,"(0.5265241861343384, 'Ice Storm', [(1.0, 'Winter Weather')])"
457,"(0.5265241861343384, 'Ice Storm', [(1.0, 'Winter Weather')])"
458,"(0.3931785151362419, 'Ice Storm', [(0.75, 'Flood'), (0.25, 'Strong Wind')])"
459,"(0.5265241861343384, 'Ice Storm', [(1.0, 'Winter Weather')])"
460,"(0.444414921104908, 'Ice/Snow Storm', [(0.75, 'Flood'), (0.25, 'Strong Wind')])"
461,"(0, '', [])"
462,"(0.3931785151362419, 'Ice Storm', [(0.75, 'Flood'), (0.25, 'Strong Wind')])"
463,"(0, '', [])"
464,"(0, '', [])"
465,"(0.4285336509346962, 'Winter Storm', [(0.75, 'Flood'), (0.25, 'Strong Wind')])"
466,"(0, '', [])"
467,"(0, '', [])"
468,"(0, '', [])"
469,"(0, '', [])"
470,"(0.5505414553310559, 'High Winds', [(0.6956521739130432, 'Thunderstorm Wind'), (0.13043478260869565, 'High Wind'), (0.08695652173913043, 'Wildfire'), (0.08695652173913043, 'Hail')])"
471,"(0.4456203562708995, 'Severe Thunderstorms', [(0.5384615384615375, 'Thunderstorm Wind'), (0.4230769230769226, 'High Wind'), (0.019230769230769232, 'Strong Wind'), (0.01282051282051282, 'Hail'), (0.00641025641025641, 'Heavy Rain')])"
472,"(0.511198243924549, 'Severe Thunderstorms', [(0.8690476190476181, 'Thunderstorm Wind'), (0.11904761904761904, 'High Wind'), (0.011904761904761904, 'Hail')])"
473,"(0.4266532614827161, 'Severe Thunderstorms', [(0.5333333333333339, 'High Wind'), (0.4583333333333339, 'Thunderstorm Wind'), (0.008333333333333333, 'Hail')])"
474,"(0.48274946277556186, 'Severe Thunderstorms', [(0.7391304347826083, 'Thunderstorm Wind'), (0.19565217391304346, 'High Wind'), (0.021739130434782608, 'Tornado'), (0.021739130434782608, 'Hail'), (0.021739130434782608, 'Funnel Cloud')])"
475,"(0.511198243924549, 'Severe Thunderstorms', [(0.8690476190476181, 'Thunderstorm Wind'), (0.11904761904761904, 'High Wind'), (0.011904761904761904, 'Hail')])"
476,"(0.5188901765005931, 'Severe Thunderstorms', [(0.9047619047619051, 'Thunderstorm Wind'), (0.09523809523809523, 'Flood')])"
477,"(0.5383251309394836, 'Severe Thunderstorms', [(1.0, 'Thunderstorm Wind')])"
478,"(0.48274946277556186, 'Severe Thunderstorms', [(0.7391304347826083, 'Thunderstorm Wind'), (0.19565217391304346, 'High Wind'), (0.021739130434782608, 'Tornado'), (0.021739130434782608, 'Hail'), (0.021739130434782608, 'Funnel Cloud')])"
479,"(0.4456203562708995, 'Severe Thunderstorms', [(0.5384615384615375, 'Thunderstorm Wind'), (0.4230769230769226, 'High Wind'), (0.019230769230769232, 'Strong Wind'), (0.01282051282051282, 'Hail'), (0.00641025641025641, 'Heavy Rain')])"
480,"(0.4456203562708995, 'Severe Thunderstorms', [(0.5384615384615375, 'Thunderstorm Wind'), (0.4230769230769226, 'High Wind'), (0.019230769230769232, 'Strong Wind'), (0.01282051282051282, 'Hail'), (0.00641025641025641, 'Heavy Rain')])"
481,"(0.4266532614827161, 'Severe Thunderstorms', [(0.5333333333333339, 'High Wind'), (0.4583333333333339, 'Thunderstorm Wind'), (0.008333333333333333, 'Hail')])"
482,"(0.7567283511161806, 'High Winds', [(1.0000000000000002, 'High Wind')])"
483,"(0.7355598626392235, 'High Winds', [(0.9285714285714295, 'High Wind'), (0.05357142857142857, 'Strong Wind'), (0.017857142857142856, 'Flood')])"
484,"(0, '', [])"
485,"(0.3627796769142151, 'Ice/Snow Storm', [(1.0, 'Heavy Snow')])"
486,"(0.7964713364452514, 'Winter Storm', [(0.4935064935064936, 'Winter Storm'), (0.25974025974025977, 'Heavy Snow'), (0.2467532467532468, 'Winter Weather')])"
487,"(0, '', [])"
488,"(0.368862549331453, 'Severe Thunderstorms', [(0.6888888888888887, 'Hail'), (0.18666666666666668, 'Thunderstorm Wind'), (0.08444444444444445, 'Tornado'), (0.02666666666666667, 'Strong Wind'), (0.008888888888888889, 'Funnel Cloud'), (0.0044444444444444444, 'Flash Flood')])"
489,"(0.37676368434946017, 'Severe Thunderstorms', [(0.566433566433566, 'Hail'), (0.19580419580419595, 'Thunderstorm Wind'), (0.18181818181818193, 'Tornado'), (0.027972027972027972, 'Lightning'), (0.027972027972027972, 'Funnel Cloud')])"
490,"(0.35254326928406954, 'High Winds', [(0.390625, 'Flash Flood'), (0.25, 'Thunderstorm Wind'), (0.15625, 'Hail'), (0.09375, 'Tornado'), (0.03125, 'Lightning'), (0.03125, 'Heavy Rain'), (0.03125, 'Funnel Cloud'), (0.015625, 'Flood')])"
491,"(0.5422130568070457, 'Severe Thunderstorm', [(0.37837837837837857, 'Thunderstorm Wind'), (0.24324324324324315, 'Tornado'), (0.17117117117117114, 'Flash Flood'), (0.0900900900900901, 'High Wind'), (0.0900900900900901, 'Hail'), (0.02702702702702703, 'Heavy Rain')])"
492,"(0.5421998033652435, 'Severe Thunderstorm', [(0.40540540540540543, 'Thunderstorm Wind'), (0.1891891891891892, 'Tornado'), (0.1891891891891892, 'Hail'), (0.16216216216216217, 'Flash Flood'), (0.02702702702702703, 'Heavy Rain'), (0.02702702702702703, 'Flood')])"
493,"(0.3837341731414199, 'Severe Thunderstorms', [(0.59375, 'Hail'), (0.28125, 'Thunderstorm Wind'), (0.0625, 'Flash Flood'), (0.03125, 'Tornado'), (0.03125, 'Lightning')])"
494,"(0.43493620478189843, 'Severe Storms', [(0.6318681318681306, 'Thunderstorm Wind'), (0.21978021978021986, 'Hail'), (0.05494505494505495, 'Lightning'), (0.04395604395604396, 'Flash Flood'), (0.038461538461538464, 'Tornado'), (0.005494505494505495, 'High Wind'), (0.005494505494505495, 'Funnel Cloud')])"
495,"(0.4302796548918673, 'Severe Storm', [(0.5263157894736842, 'Thunderstorm Wind'), (0.3684210526315789, 'Hail'), (0.05263157894736842, 'Tornado'), (0.05263157894736842, 'Flash Flood')])"
496,"(0.5138214905605168, 'Severe Thunderstorms', [(0.8939393939393933, 'Thunderstorm Wind'), (0.06060606060606061, 'Hail'), (0.022727272727272728, 'Lightning'), (0.015151515151515152, 'Funnel Cloud'), (0.007575757575757576, 'Tornado')])"
497,"(0.47588108440763077, 'Severe Thunderstorms', [(0.7105263157894739, 'Thunderstorm Wind'), (0.2368421052631578, 'Hail'), (0.039473684210526314, 'Flash Flood'), (0.013157894736842105, 'Tornado')])"
498,"(0.6979825132422979, 'Severe Thunderstorm', [(0.8888888888888891, 'Thunderstorm Wind'), (0.1111111111111111, 'Hail')])"
499,"(0.48330235252013565, 'Severe Storm', [(0.46153846153846145, 'Thunderstorm Wind'), (0.423076923076923, 'Flash Flood'), (0.11538461538461539, 'Tornado')])"
500,"(0.4759070964959951, 'Severe Thunderstorms', [(0.38461538461538464, 'Heavy Rain'), (0.3076923076923077, 'Flash Flood'), (0.23076923076923078, 'Thunderstorm Wind'), (0.07692307692307693, 'Lightning')])"
501,"(0.4274469166994095, 'Severe Thunderstorms', [(0.5, 'Thunderstorm Wind'), (0.30000000000000004, 'Flash Flood'), (0.1, 'Hail'), (0.1, 'Flood')])"
502,"(0.4374661709774623, 'Severe Thunderstorms', [(0.49999999999999983, 'Thunderstorm Wind'), (0.3636363636363636, 'Hail'), (0.045454545454545456, 'Lightning'), (0.045454545454545456, 'Flash Flood'), (0.022727272727272728, 'Tornado'), (0.022727272727272728, 'Heavy Rain')])"
503,"(0.3544160391796719, 'Thunderstorms', [(0.6590909090909088, 'Hail'), (0.25000000000000006, 'Thunderstorm Wind'), (0.06818181818181818, 'Lightning'), (0.022727272727272728, 'High Wind')])"
504,"(0.44426591573534774, 'Severe Thunderstorm', [(0.7567567567567564, 'Hail'), (0.21621621621621623, 'Thunderstorm Wind'), (0.02702702702702703, 'Tornado')])"
505,"(0.4052507420155133, 'Thunderstorms', [(0.4999999999999997, 'Thunderstorm Wind'), (0.2613636363636363, 'Flash Flood'), (0.10227272727272729, 'Hail'), (0.045454545454545456, 'Lightning'), (0.045454545454545456, 'Heavy Rain'), (0.022727272727272728, 'Flood'), (0.011363636363636364, 'Tornado'), (0.011363636363636364, 'Funnel Cloud')])"
506,"(0.3886325027369248, 'Thunderstorms', [(0.4556962025316459, 'Thunderstorm Wind'), (0.2911392405063293, 'Flash Flood'), (0.1645569620253165, 'Hail'), (0.06329113924050633, 'Flood'), (0.012658227848101266, 'Tornado'), (0.012658227848101266, 'Heavy Rain')])"
507,"(0.3315724581480026, 'Thunderstorms', [(0.6666666666666666, 'Hail'), (0.16666666666666666, 'Thunderstorm Wind'), (0.16666666666666666, 'Flash Flood')])"
508,"(0.5090609283550925, 'Severe Thunderstorms', [(0.6956521739130432, 'Thunderstorm Wind'), (0.13043478260869565, 'Heavy Rain'), (0.13043478260869565, 'Hail'), (0.043478260869565216, 'Flood')])"
509,"(0.4537006085333616, 'Thunderstorms', [(0.7391304347826084, 'Thunderstorm Wind'), (0.21739130434782608, 'Hail'), (0.043478260869565216, 'Lightning')])"
510,"(0.39207332705458003, 'Thunderstorms', [(0.5, 'Thunderstorm Wind'), (0.29166666666666663, 'Hail'), (0.125, 'Lightning'), (0.08333333333333333, 'Funnel Cloud')])"
511,"(0.35639607906341547, 'Severe Storms', [(0.9999999999999998, 'High Wind')])"
512,"(0.48405119134829544, 'Winter Storm', [(0.7846153846153836, 'Thunderstorm Wind'), (0.2, 'Flash Flood'), (0.015384615384615385, 'Flood')])"
513,"(0.47627300435099096, 'Winter Storm', [(0.7241379310344827, 'Thunderstorm Wind'), (0.13793103448275862, 'High Wind'), (0.10344827586206896, 'Strong Wind'), (0.034482758620689655, 'Tornado')])"
514,"(0.5816876311456001, 'High Winds and Rain', [(0.37096774193548365, 'High Wind'), (0.27419354838709664, 'Heavy Rain'), (0.24193548387096764, 'Flood'), (0.03225806451612903, 'Flash Flood'), (0.03225806451612903, 'Debris Flow'), (0.016129032258064516, 'Strong Wind'), (0.016129032258064516, 'Heavy Snow'), (0.016129032258064516, 'Dust Storm')])"
515,"(0, '', [])"
516,"(0.49765579402446725, 'High Winds', [(0.37096774193548365, 'High Wind'), (0.27419354838709664, 'Heavy Rain'), (0.24193548387096764, 'Flood'), (0.03225806451612903, 'Flash Flood'), (0.03225806451612903, 'Debris Flow'), (0.016129032258064516, 'Strong Wind'), (0.016129032258064516, 'Heavy Snow'), (0.016129032258064516, 'Dust Storm')])"
517,"(0.3257780022480909, 'Tropical Storm Ida', [(0.411764705882353, 'Flood'), (0.23529411764705882, 'Coastal Flood'), (0.1764705882352941, 'Flash Flood'), (0.058823529411764705, 'Thunderstorm Wind'), (0.058823529411764705, 'Strong Wind'), (0.058823529411764705, 'High Surf')])"
518,"(0.3722722195088863, 'Tropical Storm Ida', [(0.6249999999999999, 'Coastal Flood'), (0.24999999999999997, 'High Wind'), (0.125, 'Flood')])"
527,"(0.4474895099798838, 'Severe Storm', [(0.33333333333333326, 'High Wind'), (0.26666666666666666, 'Strong Wind'), (0.11111111111111112, 'Flood'), (0.08888888888888889, 'Flash Flood'), (0.06666666666666667, 'Winter Storm'), (0.044444444444444446, 'Thunderstorm Wind'), (0.044444444444444446, 'Heavy Snow'), (0.022222222222222223, 'Tornado'), (0.022222222222222223, 'Heavy Rain')])"
528,"(0.4580332326128127, 'Severe Storm', [(0.23404255319148937, 'Flood'), (0.19148936170212766, 'High Wind'), (0.14893617021276595, 'Strong Wind'), (0.0851063829787234, 'Thunderstorm Wind'), (0.0851063829787234, 'Heavy Snow'), (0.06382978723404255, 'Winter Storm'), (0.0425531914893617, 'Tornado'), (0.0425531914893617, 'Heavy Rain'), (0.0425531914893617, 'Hail'), (0.02127659574468085, 'Winter Weather'), (0.02127659574468085, 'Flash Flood'), (0.02127659574468085, 'Debris Flow')])"
529,"(0.4580332326128127, 'Severe Storm', [(0.23404255319148937, 'Flood'), (0.19148936170212766, 'High Wind'), (0.14893617021276595, 'Strong Wind'), (0.0851063829787234, 'Thunderstorm Wind'), (0.0851063829787234, 'Heavy Snow'), (0.06382978723404255, 'Winter Storm'), (0.0425531914893617, 'Tornado'), (0.0425531914893617, 'Heavy Rain'), (0.0425531914893617, 'Hail'), (0.02127659574468085, 'Winter Weather'), (0.02127659574468085, 'Flash Flood'), (0.02127659574468085, 'Debris Flow')])"
530,"(0.4501353331974574, 'Severe Storm', [(0.2857142857142857, 'High Wind'), (0.20634920634920634, 'Flood'), (0.1111111111111111, 'Winter Storm'), (0.1111111111111111, 'Strong Wind'), (0.09523809523809523, 'Heavy Snow'), (0.06349206349206349, 'High Surf'), (0.047619047619047616, 'Thunderstorm Wind'), (0.031746031746031744, 'Hail'), (0.031746031746031744, 'Flash Flood'), (0.015873015873015872, 'Heavy Rain')])"
531,"(0.8283278687276701, 'Ice Storm', [(0.5942028985507245, 'Winter Storm'), (0.3043478260869566, 'Ice Storm'), (0.10144927536231883, 'Heavy Snow')])"
532,"(0, '', [])"
533,"(0.4175168871879577, 'Winter Storm', [(0.9999999999999999, 'Flood')])"
534,"(0.941979116627148, 'Winter Storm', [(0.8928571428571426, 'Winter Storm'), (0.07142857142857142, 'Blizzard'), (0.03571428571428571, 'Heavy Snow')])"
535,"(0.8293899122406455, 'Winter Storm', [(0.5882352941176471, 'Winter Storm'), (0.23529411764705885, 'Heavy Snow'), (0.17647058823529413, 'Winter Weather')])"
536,"(0.8131283544577086, 'Winter Storm', [(0.653846153846154, 'Winter Storm'), (0.1923076923076923, 'Heavy Snow'), (0.15384615384615385, 'Flood')])"
537,"(0.6809909426248988, 'Winter Storm', [(0.6307692307692303, 'Heavy Snow'), (0.36923076923076925, 'Winter Storm')])"
538,"(0.9289962543716908, 'Winter Storm', [(0.7848101265822779, 'Winter Storm'), (0.18987341772151906, 'Winter Weather'), (0.02531645569620253, 'High Wind')])"
539,"(0.8369070266155485, 'Winter Storm', [(0.6595744680851063, 'Winter Storm'), (0.29787234042553185, 'Heavy Snow'), (0.0425531914893617, 'Winter Weather')])"
540,"(0.41751688718795776, 'Winter Storm', [(1.0, 'Flood')])"
541,"(0, '', [])"
542,"(1.0000000000000009, 'Winter Storm', [(1.0000000000000009, 'Winter Storm')])"
543,"(0.562504703998566, 'Winter Storm', [(0.6800000000000004, 'Heavy Snow'), (0.3200000000000001, 'Winter Weather')])"
544,"(0, '', [])"
545,"(0, '', [])"
546,"(0, '', [])"
547,"(0.619370804230372, 'Winter Storm', [(0.7333333333333333, 'Heavy Snow'), (0.2333333333333333, 'Winter Storm'), (0.03333333333333333, 'Winter Weather')])"
548,"(0.7862628840032174, 'Winter Storm', [(0.5573770491803282, 'Winter Storm'), (0.3606557377049181, 'Heavy Snow'), (0.06557377049180328, 'Winter Weather'), (0.01639344262295082, 'Debris Flow')])"
549,"(0.8249369017009077, 'Winter Storm', [(0.6206896551724138, 'Winter Storm'), (0.20689655172413796, 'Heavy Snow'), (0.10344827586206896, 'Winter Weather'), (0.06896551724137931, 'Flood')])"
550,"(0.7862628840032174, 'Winter Storm', [(0.5573770491803282, 'Winter Storm'), (0.3606557377049181, 'Heavy Snow'), (0.06557377049180328, 'Winter Weather'), (0.01639344262295082, 'Debris Flow')])"
551,"(0.3949856241544088, 'Winter Storm', [(0.5333333333333333, 'High Wind'), (0.39999999999999997, 'Flood'), (0.06666666666666667, 'High Surf')])"
552,"(0.3894289079166594, 'Winter Storm', [(0.6190476190476191, 'High Wind'), (0.2857142857142857, 'Flood'), (0.09523809523809523, 'High Surf')])"
553,"(0.5003030575671286, 'High Winds and Flooding', [(0.2830188679245283, 'High Wind'), (0.2830188679245283, 'Flood'), (0.1509433962264151, 'Strong Wind'), (0.1320754716981132, 'Coastal Flood'), (0.09433962264150943, 'High Surf'), (0.03773584905660377, 'Heavy Rain'), (0.018867924528301886, 'Hail')])"
554,"(0.48851564414096327, 'High Winds and Rain', [(0.2830188679245283, 'High Wind'), (0.2830188679245283, 'Flood'), (0.1509433962264151, 'Strong Wind'), (0.1320754716981132, 'Coastal Flood'), (0.09433962264150943, 'High Surf'), (0.03773584905660377, 'Heavy Rain'), (0.018867924528301886, 'Hail')])"
555,"(0.4806678222887444, 'High Winds and Rain', [(0.2727272727272727, 'High Wind'), (0.2727272727272727, 'Coastal Flood'), (0.18181818181818182, 'Flood'), (0.15151515151515152, 'High Surf'), (0.06060606060606061, 'Heavy Snow'), (0.06060606060606061, 'Heavy Rain')])"
556,"(0.38970999075816226, 'High Winds and rain', [(0.5384615384615383, 'Flood'), (0.3846153846153846, 'Strong Wind'), (0.07692307692307693, 'Heavy Rain')])"
557,"(0.6117282435297966, 'High Winds and Rain', [(0.625, 'High Wind'), (0.25, 'Coastal Flood'), (0.125, 'Heavy Rain')])"
558,"(0.533643178145091, 'Severe Thunderstorms', [(0.9777777777777782, 'Thunderstorm Wind'), (0.022222222222222223, 'Lightning')])"
559,"(0.36225535761226313, 'Thunderstorms', [(0.3636363636363637, 'Flood'), (0.27272727272727276, 'Tornado'), (0.21818181818181823, 'Thunderstorm Wind'), (0.14545454545454548, 'Flash Flood')])"
560,"(0.3126704242635279, 'Thunderstorms', [(0.46808510638297846, 'Hail'), (0.3404255319148935, 'Flash Flood'), (0.10638297872340426, 'Tornado'), (0.06382978723404255, 'Thunderstorm Wind'), (0.02127659574468085, 'Coastal Flood')])"
562,"(0.42589770345126887, 'Thunderstorms', [(0.6470588235294118, 'Thunderstorm Wind'), (0.11764705882352941, 'Flash Flood'), (0.058823529411764705, 'Tornado'), (0.058823529411764705, 'High Wind'), (0.058823529411764705, 'Hail'), (0.058823529411764705, 'Funnel Cloud')])"
566,"(0.4982435210626956, 'Thunderstorms', [(0.9591836734693885, 'Thunderstorm Wind'), (0.02040816326530612, 'Lightning'), (0.02040816326530612, 'Hail')])"
568,"(0.4963648742751076, 'Thunderstorms', [(0.9342105263157904, 'Thunderstorm Wind'), (0.05263157894736842, 'Hail'), (0.013157894736842105, 'Heavy Rain')])"
569,"(0.4812191091477871, 'Thunderstorms', [(0.875, 'Thunderstorm Wind'), (0.125, 'Hail')])"
571,"(0.47920352990428655, 'Thunderstorms', [(0.8333333333333343, 'Thunderstorm Wind'), (0.09999999999999999, 'Tornado'), (0.03333333333333333, 'Flood'), (0.016666666666666666, 'Heat'), (0.016666666666666666, 'Flash Flood')])"
572,"(0.4422176386180676, 'Thunderstorms', [(0.6842105263157894, 'Thunderstorm Wind'), (0.15789473684210525, 'Hail'), (0.10526315789473684, 'Lightning'), (0.05263157894736842, 'Wildfire')])"
573,"(0.47013704975446086, 'Thunderstorms', [(0.8205128205128209, 'Thunderstorm Wind'), (0.10256410256410256, 'Lightning'), (0.07692307692307693, 'Hail')])"
575,"(0.36346813573420617, 'Strong Winds, Tornadoes', [(0.48543689320388334, 'Thunderstorm Wind'), (0.39805825242718434, 'Hail'), (0.05825242718446601, 'Tornado'), (0.019417475728155338, 'Flood'), (0.019417475728155338, 'Flash Flood'), (0.009708737864077669, 'Heavy Rain'), (0.009708737864077669, 'Funnel Cloud')])"
576,"(0.4137574507130516, 'Thunderstorms', [(0.5111111111111108, 'Thunderstorm Wind'), (0.26666666666666666, 'Hail'), (0.11111111111111112, 'Tornado'), (0.06666666666666667, 'Lightning'), (0.022222222222222223, 'Funnel Cloud'), (0.022222222222222223, 'Flood')])"
581,"(0.48087095717589023, 'Thunderstorms', [(0.7222222222222215, 'Thunderstorm Wind'), (0.14814814814814814, 'Heavy Rain'), (0.05555555555555555, 'Flash Flood'), (0.037037037037037035, 'Lightning'), (0.018518518518518517, 'Hail'), (0.018518518518518517, 'Funnel Cloud')])"
582,"(0.5065143108367917, 'Thunderstorms', [(0.9999999999999994, 'Thunderstorm Wind')])"
583,"(0.5065143108367918, 'Thunderstorms', [(0.9999999999999996, 'Thunderstorm Wind')])"
584,"(0.4933109087603425, 'Thunderstorms', [(0.9571428571428556, 'Thunderstorm Wind'), (0.02857142857142857, 'Funnel Cloud'), (0.014285714285714285, 'Lightning')])"
589,"(0.5065143108367919, 'Thunderstorms', [(0.9999999999999999, 'Thunderstorm Wind')])"
590,"(0.4858300723781493, 'Thunderstorms', [(0.9075144508670555, 'Thunderstorm Wind'), (0.052023121387283225, 'Flash Flood'), (0.040462427745664734, 'Hail')])"
595,"(0.48586131544674155, 'Tropical Storm', [(0.6764705882352942, 'Flash Flood'), (0.2058823529411765, 'Tropical Storm'), (0.058823529411764705, 'Tornado'), (0.029411764705882353, 'Storm Surge/tide'), (0.029411764705882353, 'Funnel Cloud')])"
596,"(0.46795625417005476, 'Thunderstorms', [(0.8095238095238101, 'Thunderstorm Wind'), (0.16666666666666666, 'Hail'), (0.023809523809523808, 'Lightning')])"
597,"(0.48222000777721424, 'Thunderstorms', [(0.8800000000000004, 'Thunderstorm Wind'), (0.1, 'Hail'), (0.02, 'Lightning')])"
598,"(0.48222000777721424, 'Thunderstorms', [(0.8800000000000004, 'Thunderstorm Wind'), (0.1, 'Hail'), (0.02, 'Lightning')])"
599,"(0.369144082069397, 'Rain and High Winds', [(1.0, 'Hail')])"
600,"(0.6984543777719323, 'High Winds', [(0.8354430379746828, 'High Wind'), (0.10126582278481013, 'Winter Storm'), (0.0379746835443038, 'Heavy Snow'), (0.02531645569620253, 'Strong Wind')])"
601,"(0.4309377646446231, 'Thunderstorms', [(0.6240000000000004, 'Thunderstorm Wind'), (0.1840000000000001, 'Strong Wind'), (0.12000000000000005, 'High Wind'), (0.04, 'Tornado'), (0.024, 'Funnel Cloud'), (0.008, 'Lightning')])"
602,"(0.7567283511161804, 'High Winds', [(1.0, 'High Wind')])"
603,"(0.7567283511161799, 'High Winds', [(0.9999999999999993, 'High Wind')])"
604,"(0.7567283511161806, 'High Winds', [(1.0000000000000002, 'High Wind')])"
605,"(0.7135555744171141, 'Snow and High Winds', [(0.9999999999999999, 'High Wind')])"
606,"(0.8876119852066037, 'Winter Storm', [(0.7777777777777775, 'Winter Storm'), (0.2222222222222222, 'Heavy Snow')])"
607,"(0.5101390353270939, 'Winter Storm', [(0.2857142857142857, 'Winter Weather'), (0.2857142857142857, 'Flash Flood'), (0.14285714285714285, 'Strong Wind'), (0.14285714285714285, 'High Wind'), (0.14285714285714285, 'Flood')])"
608,"(0.5231532706664158, 'Winter Storm', [(0.2692307692307693, 'Heavy Snow'), (0.19230769230769232, 'Winter Weather'), (0.19230769230769232, 'Blizzard'), (0.15384615384615385, 'Strong Wind'), (0.15384615384615385, 'High Wind'), (0.038461538461538464, 'Winter Storm')])"
611,"(0.6270665178696316, 'Winter Storm', [(0.6111111111111113, 'Heavy Snow'), (0.2777777777777778, 'Winter Storm'), (0.05555555555555555, 'Strong Wind'), (0.05555555555555555, 'High Wind')])"
612,"(0.8466593404610951, 'Winter Storm', [(0.49999999999999994, 'Winter Storm'), (0.4666666666666666, 'Winter Weather'), (0.03333333333333333, 'Heavy Snow')])"
613,"(0.8466593404610951, 'Winter Storm', [(0.49999999999999994, 'Winter Storm'), (0.4666666666666666, 'Winter Weather'), (0.03333333333333333, 'Heavy Snow')])"
614,"(0.8670625415715302, 'Winter Storm', [(0.5454545454545453, 'Winter Storm'), (0.4545454545454544, 'Winter Weather')])"
615,"(0.7999684810638426, 'Ice Storm', [(0.9999999999999998, 'Winter Storm')])"
616,"(1.0, 'Ice Storm', [(1.0, 'Ice Storm')])"
617,"(0.7435213949945237, 'Winter Storm', [(0.35555555555555557, 'Ice Storm'), (0.29999999999999993, 'Winter Storm'), (0.2555555555555554, 'Blizzard'), (0.06666666666666667, 'Strong Wind'), (0.022222222222222223, 'Winter Weather')])"
618,"(0.8607634263978875, 'Winter Storm', [(0.45070422535211246, 'Winter Storm'), (0.39436619718309845, 'Ice Storm'), (0.09859154929577464, 'Winter Weather'), (0.056338028169014086, 'Blizzard')])"
619,"(0.628245418950131, 'Winter Storm', [(0.5684210526315787, 'Blizzard'), (0.28421052631578947, 'Winter Storm'), (0.06315789473684211, 'Strong Wind'), (0.05263157894736842, 'Ice Storm'), (0.031578947368421054, 'Winter Weather')])"
620,"(0, '', [])"
621,"(0.701086292141362, 'Winter Storm', [(0.7894736842105261, 'Winter Weather'), (0.05263157894736842, 'Winter Storm'), (0.05263157894736842, 'Strong Wind'), (0.05263157894736842, 'Ice Storm'), (0.05263157894736842, 'Extreme Cold/wind Chill')])"
622,"(0.7494879537507106, 'Cold Weather Event', [(0.7894736842105261, 'Winter Weather'), (0.05263157894736842, 'Winter Storm'), (0.05263157894736842, 'Strong Wind'), (0.05263157894736842, 'Ice Storm'), (0.05263157894736842, 'Extreme Cold/wind Chill')])"
623,"(0.5029771625995636, 'Major Storm', [(0.3684210526315789, 'Winter Storm'), (0.2631578947368421, 'Heavy Snow'), (0.21052631578947367, 'Strong Wind'), (0.10526315789473684, 'Heavy Rain'), (0.05263157894736842, 'Flood')])"
624,"(0.32560678819815314, 'Major Storm', [(0.6666666666666666, 'High Wind'), (0.16666666666666666, 'Strong Wind'), (0.16666666666666666, 'Astronomical Low Tide')])"
625,"(0.843370791445387, 'Winter Storm', [(0.6170212765957446, 'Winter Storm'), (0.2553191489361702, 'Heavy Snow'), (0.10638297872340426, 'Ice Storm'), (0.02127659574468085, 'Winter Weather')])"
628,"(0.6033793799579144, 'Winter Storm', [(0.25, 'Winter Storm'), (0.25, 'Heavy Snow'), (0.1875, 'Strong Wind'), (0.0625, 'Winter Weather'), (0.0625, 'Tornado'), (0.0625, 'Flood'), (0.0625, 'Flash Flood'), (0.0625, 'Debris Flow')])"
630,"(0.4076010659337044, 'Major Storm', [(0.375, 'High Wind'), (0.375, 'Heavy Snow'), (0.125, 'Winter Storm'), (0.125, 'Flood')])"
631,"(0.4370744729042053, 'Major Storm', [(0.39999999999999997, 'High Wind'), (0.24000000000000002, 'Winter Storm'), (0.16, 'Heavy Snow'), (0.08, 'Flood'), (0.08, 'Flash Flood'), (0.04, 'Debris Flow')])"
632,"(0.4522638122240702, 'Major Storm', [(0.6666666666666666, 'Flood'), (0.3333333333333333, 'Tornado')])"
633,"(0.3140142470308877, 'Major Storm', [(0.611650485436893, 'Hail'), (0.36893203883495135, 'Thunderstorm Wind'), (0.009708737864077669, 'Strong Wind'), (0.009708737864077669, 'Lightning')])"
634,"(0.4334317743778229, 'Major Storm', [(1.0, 'Winter Weather')])"
635,"(0.27208256437664957, 'Major Storm', [(0.9047619047619054, 'Hail'), (0.09523809523809523, 'Thunderstorm Wind')])"
636,"(0.3201492058819737, 'Major Storm', [(0.5689655172413792, 'Hail'), (0.43103448275862055, 'Thunderstorm Wind')])"
637,"(0.3511340654257571, 'Major Storm', [(0.45454545454545436, 'Thunderstorm Wind'), (0.33333333333333326, 'Hail'), (0.12121212121212122, 'Tornado'), (0.09090909090909091, 'Funnel Cloud')])"
638,"(0.2900919368392544, 'Major Storm', [(0.778947368421053, 'Hail'), (0.22105263157894744, 'Thunderstorm Wind')])"
639,"(0.375223890731209, 'Major Storm', [(0.81578947368421, 'Thunderstorm Wind'), (0.18421052631578946, 'Hail')])"
703,"(0.4948443877696992, 'Severe Thunderstorms', [(0.8000000000000002, 'Thunderstorm Wind'), (0.16, 'Hail'), (0.04, 'Wildfire')])"
705,"(0.4040051511355809, 'Severe Thunderstorms', [(0.3714285714285715, 'Thunderstorm Wind'), (0.28571428571428575, 'Flood'), (0.17142857142857143, 'Flash Flood'), (0.08571428571428572, 'Lightning'), (0.08571428571428572, 'Hail')])"
706,"(0.4959312196700801, 'Severe Thunderstorms', [(0.8064516129032253, 'Thunderstorm Wind'), (0.1935483870967742, 'Hail')])"
707,"(0.4867488224255416, 'Severe Thunderstorms', [(0.7543859649122815, 'Thunderstorm Wind'), (0.17543859649122806, 'Hail'), (0.05263157894736842, 'Lightning'), (0.017543859649122806, 'Tornado')])"
708,"(0.514645648969186, 'Severe Thunderstorms', [(0.8918918918918912, 'Thunderstorm Wind'), (0.10810810810810811, 'Hail')])"
709,"(0.43463784838334124, 'Severe Thunderstorms', [(0.5256410256410258, 'Thunderstorm Wind'), (0.44871794871794896, 'Hail'), (0.02564102564102564, 'Lightning')])"
710,"(0.49850054762580187, 'Severe Thunderstorms', [(0.8181818181818183, 'Thunderstorm Wind'), (0.18181818181818182, 'Hail')])"
711,"(0.49018062958641606, 'Severe Thunderstorms', [(0.7777777777777768, 'Thunderstorm Wind'), (0.15873015873015872, 'Hail'), (0.06349206349206349, 'Lightning')])"
712,"(0.5295471761324644, 'Severe Thunderstorms', [(0.9589041095890429, 'Thunderstorm Wind'), (0.0273972602739726, 'Wildfire'), (0.0136986301369863, 'Hail')])"
713,"(0.5209692609310153, 'Severe Thunderstorms', [(0.9200000000000005, 'Thunderstorm Wind'), (0.06, 'Hail'), (0.02, 'Lightning')])"
714,"(0.5121728687517112, 'Severe Thunderstorms', [(0.8709677419354852, 'Thunderstorm Wind'), (0.03870967741935484, 'Hail'), (0.03870967741935484, 'Flash Flood'), (0.012903225806451613, 'Tornado'), (0.012903225806451613, 'Lightning'), (0.012903225806451613, 'Flood'), (0.0064516129032258064, 'Heavy Rain'), (0.0064516129032258064, 'Funnel Cloud')])"
715,"(0.5383251309394836, 'Severe Thunderstorms', [(1.0, 'Thunderstorm Wind')])"
716,"(0.5383251309394834, 'Severe Thunderstorms', [(0.9999999999999997, 'Thunderstorm Wind')])"
718,"(0.4690115343440662, 'Severe Thunderstorms', [(0.6818181818181818, 'Thunderstorm Wind'), (0.27272727272727276, 'Hail'), (0.045454545454545456, 'Lightning')])"
719,"(0.42576239585876463, 'Severe Thunderstorms', [(0.4799999999999999, 'Thunderstorm Wind'), (0.36, 'Hail'), (0.16, 'Lightning')])"
720,"(0.5121764661902084, 'Severe Thunderstorms', [(0.881355932203389, 'Thunderstorm Wind'), (0.10169491525423728, 'Hail'), (0.01694915254237288, 'Flash Flood')])"
721,"(0.46456580229525296, 'Severe Thunderstorms', [(0.660377358490566, 'Thunderstorm Wind'), (0.2641509433962264, 'Hail'), (0.07547169811320754, 'Lightning')])"
722,"(0.4714988386631013, 'Severe Thunderstorms', [(0.7000000000000003, 'Thunderstorm Wind'), (0.18, 'Flash Flood'), (0.08, 'Hail'), (0.04, 'Flood')])"
723,"(0.4915451579972315, 'Severe Thunderstorms', [(0.7631578947368416, 'Thunderstorm Wind'), (0.15789473684210525, 'Hail'), (0.05263157894736842, 'Tornado'), (0.02631578947368421, 'Flash Flood')])"
734,"(0.19001040193769675, 'Load Shed', [(0.9111111111111114, 'Hail'), (0.06666666666666667, 'Thunderstorm Wind'), (0.022222222222222223, 'Flash Flood')])"
736,"(0.22630244493484508, 'Load Shed', [(1.0000000000000004, 'Thunderstorm Wind')])"
744,"(0, '', [])"
836,"(0.37935765662628557, 'Operational Failure; Storm Damage', [(0.6099585062240656, 'Thunderstorm Wind'), (0.33195020746887977, 'Hail'), (0.04149377593360996, 'Heat'), (0.012448132780082988, 'Lightning'), (0.004149377593360996, 'Excessive Heat')])"
965,"(0.2347564894419449, 'Fuel Supply Emergency - Coal', [(0.569230769230769, 'Heavy Snow'), (0.4, 'Winter Storm'), (0.03076923076923077, 'Winter Weather')])"
1026,"(0, '', [])"
1127,"(0, '', [])"
1424,"(0.15442493557929993, 'Natural Disaster', [(1.0, 'Lightning')])"
1426,"(0.15226352214813232, 'Natural Disaster', [(1.0, 'Heat')])"
1427,"(0.15226352214813232, 'Natural Disaster', [(1.0, 'Heat')])"
1431,"(0, '', [])"
1793,"(0.3106984984258126, 'Natural Disaster', [(0.34482758620689663, 'Wildfire'), (0.2758620689655173, 'Strong Wind'), (0.2758620689655173, 'Dust Storm'), (0.10344827586206896, 'High Wind')])"
1795,"(0, '', [])"
